Website,Link,Network operator,Link Load time,Link dead or not
https://nrega.nic.in/netnrega/home.aspx,http://mnregaweb4.nic.in/netnrega/homesearch.htm,Airtel,592.8,N
,http://gandhi.gov.in/,Airtel,3505.2,N
,https://nrega.nic.in/netnrega/MGNREGA_new/Nrega_home.aspx,Airtel,3764.2,N
,https://www.facebook.com/iecmgnrega/,Airtel,4338.4,N
,https://www.youtube.com/channel/UCIicGPL5tTD23FvCDFOhrOA?view_as=subscriber,Airtel,3373.8,N
,https://mgnregasuccess.wordpress.com/,Airtel,22190.4,N
,http://nrega.nic.in/amendments_2005_2018.pdf,Airtel,242.8,N
,http://nrega.nic.in/netnrega/guidelines.aspx,Airtel,802.4,N
,http://nrega.nic.in/MNREGA_Dist.pdf,Airtel,203.4,N
,http://mnregaweb4.nic.in/Netnrega/mpr_ht/nregampr_dmu_mis.aspx?fin_year=2015-2016&month=Latest&flag=1&page1=S&Digest=YNM1xjNNDz0MWPXC1L4hCQ,Airtel,551.4,N
,http://nrega.nic.in/netnrega/circular_new.aspx,Airtel,587.4,N
,http://nrega.nic.in/netnrega/tour_observe.aspx,Airtel,408.2,N
,http://nrega.nic.in/netnrega/Monthly_DoLetters.aspx,Airtel,440.2,N
,http://mnregaweb4.nic.in/netnrega/new_DBT_aadhaar_calendar_report.aspx?fin_year=2016-2017,Airtel,152.4,N
,http://mnregaweb4.nic.in/netnrega/bank_rpt_link.aspx,Airtel,230.6,N
,http://nrega.nic.in/netnrega/Homecost.aspx,Airtel,811.2,N
,http://www.nrega.nic.in/CEGC.htm,Airtel,551,N
,http://nrega.nic.in/Reference_center.asp,Airtel,0,Y
,https://nrega.nic.in/netnrega/library.aspx,Airtel,1211,N
,https://nrega.nic.in/netnrega/NregaOfficials.aspx,Airtel,619.6,N
,http://nrega.nic.in/nregasitemap.htm,Airtel,0,Y
,http://nrega.nic.in/,Airtel,5993.6,N
,http://nrega.nic.in/netnrega/Homepanch.aspx,Airtel,1097,N
,http://mnregaweb4.nic.in/netnrega/workers/wrkinfo.aspx,Airtel,651.2,N
,http://nrega.nic.in/Netnrega/Homeagency.aspx,Airtel,987.8,N
,http://nrega.nic.in/netnrega/Homedpc.aspx,Airtel,828.2,N
,https://nrega.nic.in/Netnrega/stdeHome.aspx,Airtel,626.4,N
,https://nrega.nic.in/Netnrega/stdeHome.aspx?check=FTO,Airtel,709,N
,http://nregarep2.nic.in/netnrega/dynamic2/dynamicreport_new4.aspx,Airtel,1466.4,N
,https://nregade.nic.in/netnrega/statepage.aspx?check=Unnati,Airtel,796,N
,http://nrega.nic.in/Netnrega/stHome.aspx,Airtel,787.6,N
,http://nregade.nic.in/netnrega/Statepage.aspx?check=b_po,Airtel,1080.8,N
,https://e-saksham.nic.in/,Airtel,645.8,N
,http://bhuvan.nrsc.gov.in/governance/mgnrega,Airtel,818,N
,http://nrega.nic.in/netnrega/convergence/conindex.aspx,Airtel,1882,N
,http://nrega.nic.in/netnrega/HomeAdmin.aspx,Airtel,800.2,N
,http://nrega.nic.in/netnrega/SocialAuditFindings/SA_home.aspx,Airtel,2613.8,N
,http://nrega.nic.in/Netnrega/stHome.aspx?check=KSK,Airtel,693,N
,http://nregade.nic.in/netnrega/statepage.aspx?check=coop,Airtel,690.8,N
,http://mnregaweb4.nic.in/netnrega/cso_cft/CSOlogin.aspx,Airtel,983.6,N
,https://nregade.nic.in/netnrega/statepage.aspx?check=Unnati,Airtel,477.6,N
,https://nrega.nic.in/netnrega/LIbrary_link.aspx,Airtel,15279.2,N
,http://nrega.nic.in/netnrega/SupremeCourtMatter.aspx,Airtel,374.8,N
,http://nrega.nic.in/Netnrega/WriteReaddata/Circulars/VRP_TraningManual.pdf,Airtel,375.8,N
,http://nrega.nic.in/Netnrega/Data/SoP_TimelypaymentMGNREGA.pdf,Airtel,762.6,N
,https://nrega.nic.in/Netnrega/WriteReaddata/Circulars/Guidelines_Planning_for_Works_and_preparation_of_Labour_Budget_NREGA_for_FY_2021-22..pdf,Airtel,425,N
,https://nrega.nic.in/Netnrega/WriteReaddata/Circulars/2436Guidelines_convergence_Catalytic_Development_Programme_Textiles.pdf,Airtel,487.8,N
,https://nrega.nic.in/Netnrega/WriteReaddata/Circulars/2435Award_Letter07042021.pdf,Airtel,519.4,N
,http://nrega.nic.in/netnrega/Janmanrega.htm,Airtel,370.6,N
,http://mnregaweb4.nic.in/Netnrega/New_mgnrega.apk,Airtel,277,N
,http://mnregaweb4.nic.in/Netnrega/latest_Nsoft_PPT_(MMS).pdf,Airtel,4033.8,N
,http://mnregaweb4.nic.in/Netnrega/app-release.apk,Airtel,1180,N
,http://nrega.nic.in/netnrega/circular_new.aspx,Airtel,1382.2,N
,https://nrega.nic.in/Netnrega/WriteReaddata/Circulars/2390Annual_Master_Circular_2019-20.pdf,Airtel,713.6,N
,http://nrega.nic.in/Circular_Archive/archive/MGNREGA_PerformanceReport27June2016.pdf,Airtel,9394.2,N
,http://nrega.nic.in/Circular_Archive/archive/RTP2016_English.pdf,Airtel,279.4,N
,http://nrega.nic.in/Circular_Archive/archive/RTP2016_Hindi.pdf,Airtel,435.2,N
,http://nrega.nic.in/Circular_Archive/archive/Report_on_SAMARTHYA_technical_training.pdf,Airtel,341.4,N
,http://nrega.nic.in/netnrega/national_workshop_new.aspx,Airtel,685,N
,http://nrega.nic.in/Circular_Archive/archive/MGNREGA_Sameeksha2_English.pdf,Airtel,236.6,N
,http://nrega.nic.in/Circular_Archive/archive/MGNREGA_Sameeksha2_Hindi.pdf,Airtel,263.8,N
,http://nrega.nic.in/Circular_Archive/archive/Report_Capacity_Building_Report.pdf,Airtel,11896,N
,http://nrega.nic.in/Circular_Archive/archive/Photobook_Documentation_Sustainable_Assets_Created.pdf,Airtel,386.4,N
,http://nrega.nic.in/netnrega/Press_Release.aspx,Airtel,489.2,N
,http://mnregaweb4.nic.in/netnrega/statepage.aspx?check=pgr&lvl=citizen&Digest=Ah5boauEAQAnYfahMVB4jw,Airtel,324,N
,http://mnregaweb4.nic.in/netnrega/citizen_html/compdetail.aspx,Airtel,299.8,N
,http://nrega.nic.in/complaints.htm,Airtel,0,Y
,http://mnregaweb4.nic.in/netnrega/citizen_html/citipoattend_rep.aspx,Airtel,427.8,N
,http://mnregaweb4.nic.in/netnrega/citizen_html/complaint_entry_rep.aspx,Airtel,509,N
,http://nrega.nic.in/pgr_more.htm,Airtel,0,Y
,http://nrega.nic.in/Circular_Archive/archive/nrega_doc_FAQs.pdf,Airtel,223.8,N
,http://mnregaweb4.nic.in/Netnrega/dgs.rar,Airtel,0,Y
,http://mnregaweb4.nic.in/netnrega/all_lvl_details_dashboard_new.aspx?Fin_Year=2021-2022&Digest=B5DSyTB/eSUSkZd2BpGzbA,Airtel,2280.2,N
,http://mnregaweb4.nic.in/netnrega/MISreport4.aspx,Airtel,868.8,N
,http://mnregaweb4.nic.in/netnrega/individual_asset_report.aspx?lflag=eng&fin_year=2017-2018&source=national&labels=labels&Digest=cT/J7ChEq5LOfEr0AmsuAQ,Airtel,435.8,N
,http://mnregaweb4.nic.in/netnrega/nrm_works_report.aspx?lflag=eng&fin_year=2017-2018&source=national&labels=labels&Digest=cT/J7ChEq5LOfEr0AmsuAQ,Airtel,445.8,N
,http://mnregaweb4.nic.in/netnrega/water_related_report.aspx?lflag=eng&fin_year=2017-2018&source=national&labels=labels&Digest=cT/J7ChEq5LOfEr0AmsuAQ,Airtel,499.8,N
,http://mnregaweb4.nic.in/netnrega/nrm_related_report.aspx?lflag=eng&fin_year=2017-2018&source=national&labels=labels&Digest=cT/J7ChEq5LOfEr0AmsuAQ,Airtel,443,N
,https://youtu.be/lrVFDRGvt_A,Airtel,2352,N
,https://youtu.be/j4-GAO7ZYAg,Airtel,2977.2,N
,https://youtu.be/8KiRI4fd-Hw,Airtel,1718.4,N
,https://rural.nic.in/sites/default/files/MoRD_Informative%20Poster%20for%20Workers_HR.pdf,Airtel,366.4,N
,https://rural.nic.in/sites/default/files/MoRD%205%20Sutra%20English%20Poster.pdf,Airtel,300.4,N
,https://bit.ly/AkshayKumarMoRD,Airtel,1531.4,N
,https://nrega.nic.in/netnrega/Data/Audio/Akshay_Kumar_Audio_Message.mpeg,Airtel,1291,N
,https://bit.ly/SachinTendulkarMoRD,Airtel,1492.6,N
,https://nrega.nic.in/netnrega/Data/Audio/Sachin_Tendulkar_Audio_Message.mpeg,Airtel,1763,N
,https://bit.ly/AmitabhMemories,Airtel,2776,N
,https://nrega.nic.in/netnrega/Data/Audio/Amitabh_Bachchan_Message_Audio.mpeg,Airtel,2672,N
,https://bit.ly/AmitabhPostCovid,Airtel,3812.8,N
,https://nrega.nic.in/netnrega/Data/Audio/Amitabh_Bachchan_Memories_Audio.mpeg,Airtel,6276,N
,https://youtu.be/SutxDDFu338,Airtel,2859,N
,http://nrega.nic.in/netnrega/Janmanrega.htm,Airtel,298.2,N
,http://mnregaweb4.nic.in/netnrega/Feedbacknrega.aspx,Airtel,793.8,N
,http://mnregaweb4.nic.in/Netnrega/UserMasterReport.aspx,Airtel,429.4,N
,http://nrega.nic.in/netnrega/statepage.aspx?Page=C&Digest=GmpYzpnzFJIVhl6rY0MeSw,Airtel,609.2,N
,http://nrega.nic.in/netnrega/statepage.aspx?check=ml&Digest=VybWnGOdBWpr6yAbzIt/pg,Airtel,551,N
,http://mnregaweb4.nic.in/netnrega/morelabour.aspx,Airtel,276.2,N
,http://nrega.nic.in/circular/People_Report.html,Airtel,0,Y
,http://nregade.nic.in/netnrega/Login.aspx?&level=HomePO&state_code=06,Airtel,1101.2,N
,http://nregade.nic.in/Netnrega/Login.aspx?&level=HomeGP&state_code=06,Airtel,965.2,N
,http://mgnrega.nic.in/Netnrega/Data/GeoMGNREGA_Standard_Operating_Manual_22Nov2016.pdf,Airtel,478.2,N
,http://mgnrega.nic.in/Netnrega/Data/GeoMGNREGA_Standard_Operating_Manual_Hindi_26Nov2016.pdf,Airtel,544.2,N
,http://mgnrega.nic.in/Netnrega/Data/GeoMGNREGA_FAQ_English_22Nov2016.pdf,Airtel,545.8,N
,http://mgnrega.nic.in/Netnrega/Data/GeoMGNREGA_FAQ_Hindi_25Nov2016.pdf,Airtel,503.4,N
,http://ruraldiksha.nic.in/daily/sancrelease/RepNregaMotherSanc1617.asp?dept_code=rd&scheme_cod=26&financial_year=2021-2022,Airtel,172.4,N
,http://ruraldiksha.nic.in/daily/sancrelease/RepNregaMotherSanc1617.asp?dept_code=rd&scheme_cod=26&financial_year=2020-2021,Airtel,1194.2,N
,http://ruraldiksha.nic.in/daily/sancrelease/repschemebt1415.asp?dept_code=rd&scheme_cod=26&financial_year=2021-2022,Airtel,148.6,N
,http://ruraldiksha.nic.in/daily/sancrelease/repschemebt1415.asp?dept_code=rd&scheme_cod=26&financial_year=2020-2021,Airtel,12307.2,N
,http://mnregaweb4.nic.in/netnrega/SDGDashboard/index.html,Airtel,1389,N
,http://www.nregs.net/nregsindia/,Airtel,831.4,N
,https://pfms.nic.in/static/nregaftosearch.aspx,Airtel,842.2,N
,http://cryptoplanet.in/WD_PROXKey.exe,Airtel,0,Y
,http://cryptoplanet.in/ProxKey%20User%20Manual.pdf,Airtel,0,Y
,http://mnregaweb4.nic.in/netnrega/fto/ftopending.aspx,Airtel,21829.8,N
,http://nrega.nic.in/netnrega/releases.htm,Airtel,418.8,N
,http://nrega.nic.in/netnrega/Backup_file.aspx,Airtel,837.6,N
,http://nrega.nic.in/netnrega/backupinfo.aspx,Airtel,1030,N
,http://nrega.nic.in/netnrega/cbt.html,Airtel,293.6,N
,https://nrega.nic.in/netnrega/home.aspx#,Airtel,1496.4,N
,https://nrega.nic.in/netnrega/home.aspx#,Airtel,1509.8,N
,https://nrega.nic.in/netnrega/home.aspx#,Airtel,1504.8,N
,https://nrega.nic.in/netnrega/home.aspx#,Airtel,1460.4,N
,https://nrega.nic.in/netnrega/home.aspx#,Airtel,1580.4,N
,https://nrega.nic.in/netnrega/home.aspx#,Airtel,1538.6,N
,https://nrega.nic.in/netnrega/home.aspx#,Airtel,1630.8,N
,http://india.gov.in/,Airtel,1027.8,N
,http://mygov.nic.in/,Airtel,0,Y
,http://www.incometaxindia.gov.in/Pages/default.aspx/,Airtel,1889.2,N
,http://digitalindia.gov.in/,Airtel,14586.8,N
,http://nic.in/,Airtel,0,Y
,http://rural.nic.in/,Airtel,4272,N
,http://capart.nic.in/,Airtel,0,Y
,http://pmgsy.nic.in/,Airtel,1779.6,N
,http://rural.nic.in/sites/right-information-act.asp,Airtel,0,Y
,http://www.nic.in/,Airtel,2573.8,N
,javascript:void(0),Airtel,0,N
,,,,
https://www.usa.gov/,https://www.usa.gov/#content,Airtel,2388.2,N
,https://www.usa.gov/,Airtel,1500.4,N
,https://www.usa.gov/espanol/,Airtel,1395,N
,https://www.usa.gov/phone,Airtel,1491.8,N
,https://www.usa.gov/#tpcs,Airtel,1351.4,N
,https://www.usa.gov/#,Airtel,1228.6,N
,https://www.usa.gov/flag,Airtel,1731.6,N
,https://www.usa.gov/branches-of-government,Airtel,1921.8,N
,https://www.usa.gov/budget,Airtel,1967,N
,https://www.usa.gov/statistics,Airtel,1485,N
,https://www.usa.gov/#,Airtel,1275,N
,https://www.usa.gov/federal-agencies,Airtel,1242.4,N
,https://www.usa.gov/branches-of-government,Airtel,1458.2,N
,https://www.usa.gov/budget,Airtel,1315.2,N
,https://www.usa.gov/#,Airtel,1182,N
,https://www.usa.gov/auctions-and-sales,Airtel,1346.4,N
,https://www.usa.gov/state-surplus-sales,Airtel,1299.4,N
,https://www.usa.gov/elected-officials,Airtel,1293.6,N
,https://www.usa.gov/forms,Airtel,1277.8,N
,https://www.usa.gov/#,Airtel,1283.2,N
,https://www.usa.gov/elected-officials,Airtel,1246.4,N
,https://www.usa.gov/state-governor,Airtel,1258.2,N
,https://www.usa.gov/tribes,Airtel,1234.8,N
,https://www.usa.gov/local-governments,Airtel,1296.4,N
,https://www.usa.gov/state-attorney-general,Airtel,1275,N
,https://www.usa.gov/state-consumer,Airtel,1353,N
,https://www.usa.gov/state-emergency-management,Airtel,1227.2,N
,https://www.usa.gov/states-and-territories,Airtel,1235.8,N
,https://www.usa.gov/state-health,Airtel,1156.8,N
,https://www.usa.gov/state-courts,Airtel,1076.8,N
,https://www.usa.gov/state-travel-and-tourism,Airtel,1347.6,N
,https://www.usa.gov/history,Airtel,1879.4,N
,https://www.usa.gov/#,Airtel,1353.2,N
,https://www.usa.gov/#,Airtel,1137,N
,https://www.usa.gov/complaint-against-government,Airtel,1299.6,N
,https://www.usa.gov/consumer-complaints,Airtel,1593.4,N
,https://www.usa.gov/complaints-by-product,Airtel,1291.4,N
,https://www.usa.gov/complaint-letter,Airtel,1045.4,N
,https://www.usa.gov/#,Airtel,1362.6,N
,https://www.usa.gov/crimes-against-children,Airtel,1196.6,N
,https://www.usa.gov/prisons,Airtel,1315,N
,https://www.usa.gov/report-crime,Airtel,1216.8,N
,https://www.usa.gov/corrections,Airtel,1361.6,N
,https://www.usa.gov/#,Airtel,1198,N
,https://www.usa.gov/branches-of-government,Airtel,1450.2,N
,https://www.usa.gov/laws-and-regulations,Airtel,1289.4,N
,https://www.usa.gov/how-laws-are-made,Airtel,1629,N
,https://www.usa.gov/labor-laws,Airtel,1360.8,N
,https://www.usa.gov/#,Airtel,1335.8,N
,https://www.usa.gov/complaints,Airtel,1091.8,N
,https://www.usa.gov/family-legal,Airtel,1316.2,N
,https://www.usa.gov/genealogy,Airtel,1199.8,N
,https://www.usa.gov/legal-aid,Airtel,1124.4,N
,https://www.usa.gov/replace-vital-documents,Airtel,1267.8,N
,https://www.usa.gov/#,Airtel,1122,N
,https://www.usa.gov/common-scams-frauds,Airtel,1393.2,N
,https://www.usa.gov/housing-scams,Airtel,1256.4,N
,https://www.usa.gov/identity-theft,Airtel,1348.8,N
,https://www.usa.gov/irs-scams,Airtel,1266,N
,https://www.usa.gov/online-safety,Airtel,1181.6,N
,https://www.usa.gov/privacy,Airtel,1301.8,N
,https://www.usa.gov/stop-scams-frauds,Airtel,1351.6,N
,https://www.usa.gov/government-works,Airtel,930.8,N
,https://www.usa.gov/#,Airtel,926.6,N
,https://www.usa.gov/election-results,Airtel,990.8,N
,https://www.usa.gov/voter-id,Airtel,904,N
,https://www.usa.gov/voting-laws,Airtel,924,N
,https://www.usa.gov/who-can-vote,Airtel,887.2,N
,https://www.usa.gov/disability-rights,Airtel,1027.4,N
,https://www.usa.gov/life-in-the-us,Airtel,1012.6,N
,https://www.usa.gov/presidents,Airtel,1461.2,N
,https://www.usa.gov/#,Airtel,985,N
,https://www.usa.gov/finding-home,Airtel,1635.2,N
,https://www.usa.gov/benefits,Airtel,1310.6,N
,https://www.usa.gov/financial-aid,Airtel,1073.2,N
,https://www.usa.gov/food-help,Airtel,1140.4,N
,https://www.usa.gov/grants,Airtel,1010,N
,https://www.usa.gov/help-with-bills,Airtel,873,N
,https://www.usa.gov/military-assistance,Airtel,1325.2,N
,https://www.usa.gov/retirement,Airtel,2165.6,N
,https://www.usa.gov/about-social-security,Airtel,1084.2,N
,https://www.usa.gov/state-social-services,Airtel,980,N
,https://www.usa.gov/unemployment,Airtel,934.8,N
,https://www.usa.gov/#,Airtel,1420,N
,https://www.usa.gov/#,Airtel,1170,N
,https://www.usa.gov/complaint-against-government,Airtel,1044.2,N
,https://www.usa.gov/consumer-complaints,Airtel,983.2,N
,https://www.usa.gov/#,Airtel,970.4,N
,https://www.usa.gov/complaints-lender,Airtel,1103.4,N
,https://www.usa.gov/car-complaints,Airtel,1071.2,N
,https://www.usa.gov/housing-complaints,Airtel,1362,N
,https://www.usa.gov/phone-tv-complaints,Airtel,1319.2,N
,https://www.usa.gov/travel-complaint,Airtel,1431.2,N
,https://www.usa.gov/post-office,Airtel,1009.6,N
,https://www.usa.gov/complaint-letter,Airtel,1122.2,N
,https://www.usa.gov/#,Airtel,1134.4,N
,https://www.usa.gov/#,Airtel,879.6,N
,https://www.usa.gov/finding-home,Airtel,921,N
,https://www.usa.gov/benefits,Airtel,804.4,N
,https://www.usa.gov/financial-aid,Airtel,908.2,N
,https://www.usa.gov/food-help,Airtel,965.8,N
,https://www.usa.gov/grants,Airtel,1171.2,N
,https://www.usa.gov/help-with-bills,Airtel,1050.8,N
,https://www.usa.gov/military-assistance,Airtel,911.6,N
,https://www.usa.gov/retirement,Airtel,1466.8,N
,https://www.usa.gov/about-social-security,Airtel,833,N
,https://www.usa.gov/state-social-services,Airtel,761.8,N
,https://www.usa.gov/unemployment,Airtel,954.6,N
,https://www.usa.gov/#,Airtel,833.8,N
,https://www.usa.gov/credit,Airtel,1001.6,N
,https://www.usa.gov/credit-reports,Airtel,1499.8,N
,https://www.usa.gov/debt,Airtel,936.8,N
,https://www.usa.gov/currency,Airtel,910.6,N
,https://www.usa.gov/#,Airtel,938.2,N
,https://www.usa.gov/finding-home,Airtel,917.4,N
,https://www.usa.gov/foreclosure,Airtel,976.4,N
,https://www.usa.gov/buying-home,Airtel,931.8,N
,https://www.usa.gov/housing-help-audiences,Airtel,969.8,N
,https://www.usa.gov/housing-scams,Airtel,949,N
,https://www.usa.gov/housing-complaints,Airtel,657.8,N
,https://www.usa.gov/mortgages,Airtel,1018.6,N
,https://www.usa.gov/moving,Airtel,837,N
,https://www.usa.gov/repairing-home,Airtel,807.6,N
,https://www.usa.gov/post-office,Airtel,721.6,N
,https://www.usa.gov/retirement,Airtel,950.8,N
,https://www.usa.gov/#,Airtel,911.6,N
,https://www.usa.gov/cars,Airtel,822.8,N
,https://www.usa.gov/donate-to-charity,Airtel,1050.4,N
,https://www.usa.gov/mortgages,Airtel,902.4,N
,https://www.usa.gov/retirement,Airtel,901.2,N
,https://www.usa.gov/state-lotteries,Airtel,939.6,N
,https://www.usa.gov/#,Airtel,1016.2,N
,https://www.usa.gov/filing-taxes-topics,Airtel,731.6,N
,https://www.usa.gov/irs-scams,Airtel,832,N
,https://www.usa.gov/resolve-tax-disputes,Airtel,856,N
,https://www.usa.gov/business-taxes,Airtel,725.6,N
,https://www.usa.gov/state-taxes,Airtel,1024.2,N
,https://www.usa.gov/check-tax-status,Airtel,1055.2,N
,https://www.usa.gov/check-tax-withholding,Airtel,898,N
,https://www.usa.gov/unclaimed-money,Airtel,931.2,N
,https://www.usa.gov/recalls,Airtel,886.8,N
,https://www.usa.gov/#,Airtel,816.6,N
,https://www.usa.gov/common-scams-frauds,Airtel,1179.4,N
,https://www.usa.gov/housing-scams,Airtel,829,N
,https://www.usa.gov/identity-theft,Airtel,875.6,N
,https://www.usa.gov/irs-scams,Airtel,720.8,N
,https://www.usa.gov/online-safety,Airtel,829.4,N
,https://www.usa.gov/privacy,Airtel,856.4,N
,https://www.usa.gov/stop-scams-frauds,Airtel,911.8,N
,https://www.usa.gov/state-consumer,Airtel,787.8,N
,https://www.usa.gov/telemarketing,Airtel,874.6,N
,https://www.usa.gov/#,Airtel,917,N
,https://www.usa.gov/covid-vaccine-and-testing,Airtel,826,N
,https://www.usa.gov/covid-small-business-loans,Airtel,803,N
,https://www.usa.gov/covid-unemployment-benefits,Airtel,831.4,N
,https://www.usa.gov/covid-stimulus-checks,Airtel,941.6,N
,https://www.usa.gov/covid-financial-help-from-the-government,Airtel,956.6,N
,https://www.usa.gov/federal-covid-response,Airtel,980.8,N
,https://www.usa.gov/covid-passports-and-travel,Airtel,1163.8,N
,https://www.usa.gov/covid-scams,Airtel,899.6,N
,https://www.usa.gov/#,Airtel,842.2,N
,https://www.usa.gov/disability-benefits-insurance,Airtel,1024,N
,https://www.usa.gov/disability-caregiver,Airtel,981.8,N
,https://www.usa.gov/disability-financial-support,Airtel,743.4,N
,https://www.usa.gov/disability-programs,Airtel,805,N
,https://www.usa.gov/disability-jobs-education,Airtel,963.2,N
,https://www.usa.gov/disability-veterans-benefits,Airtel,980.4,N
,https://www.usa.gov/disability-rights,Airtel,902.4,N
,https://www.usa.gov/#,Airtel,927.8,N
,https://www.usa.gov/after-disaster,Airtel,836.8,N
,https://www.usa.gov/#,Airtel,771,N
,https://www.usa.gov/disaster-help-workers-businesses,Airtel,1074,N
,https://www.usa.gov/disaster-help-food-housing-bills,Airtel,928.2,N
,https://www.usa.gov/disaster-area-help,Airtel,939,N
,https://www.usa.gov/help-disaster-survivors,Airtel,920,N
,https://www.usa.gov/state-emergency-management,Airtel,806.2,N
,https://www.usa.gov/#,Airtel,897.2,N
,https://www.usa.gov/#,Airtel,912.2,N
,https://www.usa.gov/after-disaster,Airtel,863.6,N
,https://www.usa.gov/#,Airtel,859.4,N
,https://www.usa.gov/disaster-help-workers-businesses,Airtel,849.8,N
,https://www.usa.gov/disaster-help-food-housing-bills,Airtel,806.8,N
,https://www.usa.gov/disaster-area-help,Airtel,980.4,N
,https://www.usa.gov/help-disaster-survivors,Airtel,955.6,N
,https://www.usa.gov/state-emergency-management,Airtel,1545.2,N
,https://www.usa.gov/pollution,Airtel,912.8,N
,https://www.usa.gov/#,Airtel,936.4,N
,https://www.usa.gov/higher-education,Airtel,917.4,N
,https://www.usa.gov/financial-aid,Airtel,694.8,N
,https://www.usa.gov/child-care,Airtel,1059.2,N
,https://www.usa.gov/study-in-US,Airtel,925,N
,https://www.usa.gov/libraries,Airtel,1195.8,N
,https://www.usa.gov/student-loans,Airtel,1063,N
,https://www.usa.gov/#,Airtel,880.6,N
,https://www.usa.gov/federal-agencies,Airtel,1000.6,N
,https://www.usa.gov/#,Airtel,1002.8,N
,https://www.usa.gov/flag,Airtel,966.4,N
,https://www.usa.gov/branches-of-government,Airtel,1009.8,N
,https://www.usa.gov/budget,Airtel,894,N
,https://www.usa.gov/statistics,Airtel,910.8,N
,https://www.usa.gov/history,Airtel,927.6,N
,https://www.usa.gov/#,Airtel,948.2,N
,https://www.usa.gov/complaints,Airtel,822.8,N
,https://www.usa.gov/crime-prison,Airtel,924.4,N
,https://www.usa.gov/laws-and-regs,Airtel,861.4,N
,https://www.usa.gov/labor-laws,Airtel,952,N
,https://www.usa.gov/family,Airtel,998,N
,https://www.usa.gov/scams-and-frauds,Airtel,1269.4,N
,https://www.usa.gov/government-works,Airtel,842.6,N
,https://www.usa.gov/voting-laws-history,Airtel,810.6,N
,https://www.usa.gov/disability-rights,Airtel,769.2,N
,https://www.usa.gov/life-in-the-us,Airtel,934.2,N
,https://www.usa.gov/presidents,Airtel,1128.4,N
,https://www.usa.gov/branches-of-government,Airtel,1004.8,N
,https://www.usa.gov/budget,Airtel,911,N
,https://www.usa.gov/#,Airtel,994.4,N
,https://www.usa.gov/auctions-and-sales,Airtel,857.8,N
,https://www.usa.gov/state-surplus-sales,Airtel,802,N
,https://www.usa.gov/elected-officials,Airtel,1199.6,N
,https://www.usa.gov/forms,Airtel,976,N
,https://www.usa.gov/#,Airtel,897,N
,https://www.usa.gov/elected-officials,Airtel,768.4,N
,https://www.usa.gov/state-governor,Airtel,853.4,N
,https://www.usa.gov/tribes,Airtel,858,N
,https://www.usa.gov/local-governments,Airtel,729.2,N
,https://www.usa.gov/state-attorney-general,Airtel,1013.6,N
,https://www.usa.gov/state-consumer,Airtel,873.6,N
,https://www.usa.gov/state-emergency-management,Airtel,898,N
,https://www.usa.gov/states-and-territories,Airtel,697.4,N
,https://www.usa.gov/state-health,Airtel,787.2,N
,https://www.usa.gov/state-courts,Airtel,873.8,N
,https://www.usa.gov/state-travel-and-tourism,Airtel,897.6,N
,https://www.usa.gov/#,Airtel,882.4,N
,https://www.usa.gov/doctors,Airtel,908.4,N
,https://www.usa.gov/child-care,Airtel,1054,N
,https://www.usa.gov/health-resources,Airtel,1052.6,N
,https://www.usa.gov/#,Airtel,902.8,N
,https://www.usa.gov/finding-health-insurance,Airtel,925.8,N
,https://www.usa.gov/medicaid,Airtel,804,N
,https://www.usa.gov/medicare,Airtel,876.6,N
,https://www.usa.gov/paying-for-medical,Airtel,944.8,N
,https://www.usa.gov/medicine,Airtel,795,N
,https://www.usa.gov/mental-health-substance-abuse,Airtel,960.8,N
,https://www.usa.gov/state-health,Airtel,751,N
,https://www.usa.gov/vaccinations,Airtel,706,N
,https://www.usa.gov/#,Airtel,966,N
,https://www.usa.gov/finding-home,Airtel,910.2,N
,https://www.usa.gov/foreclosure,Airtel,882,N
,https://www.usa.gov/buying-home,Airtel,843.6,N
,https://www.usa.gov/housing-help-audiences,Airtel,899,N
,https://www.usa.gov/housing-scams,Airtel,901.4,N
,https://www.usa.gov/housing-complaints,Airtel,951.8,N
,https://www.usa.gov/mortgages,Airtel,763.6,N
,https://www.usa.gov/moving,Airtel,928.8,N
,https://www.usa.gov/repairing-home,Airtel,1013.6,N
,https://www.usa.gov/post-office,Airtel,875.8,N
,https://www.usa.gov/#,Airtel,821.6,N
,https://www.usa.gov/labor-laws,Airtel,794.8,N
,https://www.usa.gov/#,Airtel,741,N
,https://www.usa.gov/government-jobs,Airtel,914.8,N
,https://www.usa.gov/find-a-job,Airtel,986.2,N
,https://www.usa.gov/retirement,Airtel,1123.4,N
,https://www.usa.gov/#,Airtel,846.4,N
,https://www.usa.gov/business-search,Airtel,996.2,N
,https://www.usa.gov/funding-options,Airtel,934.2,N
,https://www.usa.gov/import-export,Airtel,940.8,N
,https://www.usa.gov/#,Airtel,932.4,N
,https://www.usa.gov/expand-business,Airtel,957.6,N
,https://www.usa.gov/find-government-contracts,Airtel,3310.2,N
,https://www.usa.gov/business-taxes,Airtel,1483.4,N
,https://www.usa.gov/start-business,Airtel,1026.2,N
,https://www.usa.gov/state-business,Airtel,1051.8,N
,https://www.usa.gov/#,Airtel,1602.2,N
,https://www.usa.gov/government-jobs,Airtel,1050.8,N
,https://www.usa.gov/benefits-for-federal-employees,Airtel,1170.6,N
,https://www.usa.gov/safer-federal-workforce,Airtel,1319.8,N
,https://www.usa.gov/unemployment,Airtel,957.4,N
,https://www.usa.gov/#,Airtel,882.8,N
,https://www.usa.gov/#,Airtel,992.8,N
,https://www.usa.gov/complaint-against-government,Airtel,1187.2,N
,https://www.usa.gov/consumer-complaints,Airtel,1012.6,N
,https://www.usa.gov/#,Airtel,1016.4,N
,https://www.usa.gov/complaints-lender,Airtel,1358.6,N
,https://www.usa.gov/car-complaints,Airtel,1006.2,N
,https://www.usa.gov/housing-complaints,Airtel,1142.8,N
,https://www.usa.gov/phone-tv-complaints,Airtel,1070.8,N
,https://www.usa.gov/travel-complaint,Airtel,938.6,N
,https://www.usa.gov/post-office,Airtel,1033,N
,https://www.usa.gov/complaint-letter,Airtel,985.2,N
,https://www.usa.gov/#,Airtel,1452.8,N
,https://www.usa.gov/crimes-against-children,Airtel,963.6,N
,https://www.usa.gov/prisons,Airtel,1250.4,N
,https://www.usa.gov/report-crime,Airtel,919.8,N
,https://www.usa.gov/corrections,Airtel,977.2,N
,https://www.usa.gov/#,Airtel,943,N
,https://www.usa.gov/branches-of-government,Airtel,1400.2,N
,https://www.usa.gov/laws-and-regulations,Airtel,1011,N
,https://www.usa.gov/how-laws-are-made,Airtel,1256.8,N
,https://www.usa.gov/labor-laws,Airtel,1108.2,N
,https://www.usa.gov/#,Airtel,1038.2,N
,https://www.usa.gov/#,Airtel,1093,N
,https://www.usa.gov/complaint-against-government,Airtel,980.4,N
,https://www.usa.gov/consumer-complaints,Airtel,1044.4,N
,https://www.usa.gov/complaints-by-product,Airtel,1150.8,N
,https://www.usa.gov/complaint-letter,Airtel,1384.4,N
,https://www.usa.gov/family-legal,Airtel,991.2,N
,https://www.usa.gov/genealogy,Airtel,902,N
,https://www.usa.gov/legal-aid,Airtel,1121.4,N
,https://www.usa.gov/replace-vital-documents,Airtel,1034.2,N
,https://www.usa.gov/#,Airtel,1058.2,N
,https://www.usa.gov/common-scams-frauds,Airtel,1565.8,N
,https://www.usa.gov/housing-scams,Airtel,1033.2,N
,https://www.usa.gov/identity-theft,Airtel,1140.6,N
,https://www.usa.gov/irs-scams,Airtel,1025.6,N
,https://www.usa.gov/online-safety,Airtel,1328.8,N
,https://www.usa.gov/privacy,Airtel,1182.8,N
,https://www.usa.gov/stop-scams-frauds,Airtel,1003.6,N
,https://www.usa.gov/government-works,Airtel,3618.2,N
,https://www.usa.gov/#,Airtel,1828.4,N
,https://www.usa.gov/election-results,Airtel,1329,N
,https://www.usa.gov/voter-id,Airtel,1344.2,N
,https://www.usa.gov/voting-laws,Airtel,1182,N
,https://www.usa.gov/who-can-vote,Airtel,1280.6,N
,https://www.usa.gov/disability-rights,Airtel,1288.4,N
,https://www.usa.gov/#,Airtel,1922.6,N
,https://www.usa.gov/join-military,Airtel,1373.6,N
,https://www.usa.gov/military-personnel-and-installations,Airtel,1569.4,N
,https://www.usa.gov/education-military-veterans,Airtel,1495,N
,https://www.usa.gov/military-pay,Airtel,1496.4,N
,https://www.usa.gov/military-assistance,Airtel,1279.6,N
,https://www.usa.gov/military-records,Airtel,1570.2,N
,https://www.usa.gov/selective-service,Airtel,1502.6,N
,https://www.usa.gov/veteran-burial-benefits,Airtel,1074.2,N
,https://www.usa.gov/veteran-health,Airtel,1340.2,N
,https://www.usa.gov/veteran-housing,Airtel,1121.4,N
,https://www.usa.gov/veteran-employment,Airtel,1311.4,N
,https://www.usa.gov/#,Airtel,1145,N
,https://www.usa.gov/#,Airtel,1525.4,N
,https://www.usa.gov/finding-home,Airtel,1464,N
,https://www.usa.gov/benefits,Airtel,1090.2,N
,https://www.usa.gov/financial-aid,Airtel,1002.6,N
,https://www.usa.gov/food-help,Airtel,1482,N
,https://www.usa.gov/grants,Airtel,1094.4,N
,https://www.usa.gov/help-with-bills,Airtel,994.4,N
,https://www.usa.gov/military-assistance,Airtel,1162,N
,https://www.usa.gov/retirement,Airtel,1749.4,N
,https://www.usa.gov/about-social-security,Airtel,1094.4,N
,https://www.usa.gov/state-social-services,Airtel,1223,N
,https://www.usa.gov/unemployment,Airtel,1182.4,N
,https://www.usa.gov/#,Airtel,1575.8,N
,https://www.usa.gov/#,Airtel,1024.6,N
,https://www.usa.gov/complaint-against-government,Airtel,1130,N
,https://www.usa.gov/consumer-complaints,Airtel,1237,N
,https://www.usa.gov/complaints-by-product,Airtel,1061,N
,https://www.usa.gov/complaint-letter,Airtel,1052.4,N
,https://www.usa.gov/recalls,Airtel,1110.2,N
,https://www.usa.gov/#,Airtel,1218.6,N
,https://www.usa.gov/common-scams-frauds,Airtel,1487.4,N
,https://www.usa.gov/housing-scams,Airtel,1087.6,N
,https://www.usa.gov/identity-theft,Airtel,1023.8,N
,https://www.usa.gov/irs-scams,Airtel,1187.8,N
,https://www.usa.gov/online-safety,Airtel,1244.8,N
,https://www.usa.gov/privacy,Airtel,1037.2,N
,https://www.usa.gov/stop-scams-frauds,Airtel,1021.2,N
,https://www.usa.gov/state-consumer,Airtel,1057.6,N
,https://www.usa.gov/telemarketing,Airtel,999.2,N
,https://www.usa.gov/#,Airtel,1034.2,N
,https://www.usa.gov/credit,Airtel,1067.2,N
,https://www.usa.gov/credit-reports,Airtel,1127.4,N
,https://www.usa.gov/debt,Airtel,970.4,N
,https://www.usa.gov/currency,Airtel,898.6,N
,https://www.usa.gov/#,Airtel,1285.2,N
,https://www.usa.gov/finding-home,Airtel,1009.2,N
,https://www.usa.gov/foreclosure,Airtel,1266,N
,https://www.usa.gov/buying-home,Airtel,1509.2,N
,https://www.usa.gov/housing-help-audiences,Airtel,983.8,N
,https://www.usa.gov/housing-scams,Airtel,1168,N
,https://www.usa.gov/housing-complaints,Airtel,1032.6,N
,https://www.usa.gov/mortgages,Airtel,990.2,N
,https://www.usa.gov/moving,Airtel,1135.4,N
,https://www.usa.gov/repairing-home,Airtel,1085,N
,https://www.usa.gov/post-office,Airtel,1077.8,N
,https://www.usa.gov/retirement,Airtel,1318.8,N
,https://www.usa.gov/#,Airtel,1404.2,N
,https://www.usa.gov/#,Airtel,1665.6,N
,https://www.usa.gov/car-complaints,Airtel,1338,N
,https://www.usa.gov/motor-vehicle-services,Airtel,1137.6,N
,https://www.usa.gov/donate-to-charity,Airtel,997.2,N
,https://www.usa.gov/mortgages,Airtel,1070.2,N
,https://www.usa.gov/retirement,Airtel,1137.4,N
,https://www.usa.gov/state-lotteries,Airtel,954,N
,https://www.usa.gov/#,Airtel,1091.2,N
,https://www.usa.gov/#,Airtel,1097.2,N
,https://www.usa.gov/who-needs-to-file-taxes,Airtel,1136.6,N
,https://www.usa.gov/help-with-taxes,Airtel,1279.2,N
,https://www.usa.gov/get-tax-forms,Airtel,954.8,N
,https://www.usa.gov/file-taxes,Airtel,1146,N
,https://www.usa.gov/business-taxes,Airtel,1036.8,N
,https://www.usa.gov/state-taxes,Airtel,952.8,N
,https://www.usa.gov/tax-benefits,Airtel,1315.4,N
,https://www.usa.gov/irs-scams,Airtel,1108.2,N
,https://www.usa.gov/resolve-tax-disputes,Airtel,1257.2,N
,https://www.usa.gov/business-taxes,Airtel,1016.6,N
,https://www.usa.gov/state-taxes,Airtel,1129.2,N
,https://www.usa.gov/check-tax-status,Airtel,1655.2,N
,https://www.usa.gov/check-tax-withholding,Airtel,1191.8,N
,https://www.usa.gov/unclaimed-money,Airtel,1172,N
,https://www.usa.gov/#,Airtel,1926.6,N
,https://www.usa.gov/business-search,Airtel,958.6,N
,https://www.usa.gov/funding-options,Airtel,1117.2,N
,https://www.usa.gov/import-export,Airtel,1043.6,N
,https://www.usa.gov/#,Airtel,1197.6,N
,https://www.usa.gov/expand-business,Airtel,1246,N
,https://www.usa.gov/find-government-contracts,Airtel,2422,N
,https://www.usa.gov/business-taxes,Airtel,1510.4,N
,https://www.usa.gov/start-business,Airtel,955.8,N
,https://www.usa.gov/state-business,Airtel,1260.2,N
,https://www.usa.gov/#,Airtel,1671.6,N
,https://www.usa.gov/#,Airtel,974,N
,https://www.usa.gov/deportation,Airtel,1072.4,N
,https://www.usa.gov/green-cards,Airtel,1159.4,N
,https://www.usa.gov/become-us-citizen,Airtel,986.8,N
,https://www.usa.gov/enter-us,Airtel,1002.6,N
,https://www.usa.gov/renounce-lose-citizenship,Airtel,940.2,N
,https://www.usa.gov/#,Airtel,1028.2,N
,https://www.usa.gov/passport,Airtel,1660.4,N
,https://www.usa.gov/americans-abroad,Airtel,1652,N
,https://www.usa.gov/family-outside-us,Airtel,962.6,N
,https://www.usa.gov/covid-passports-and-travel,Airtel,933.2,N
,https://www.usa.gov/travel-complaint,Airtel,1166,N
,https://www.usa.gov/passport-problems,Airtel,1053.4,N
,https://www.usa.gov/#,Airtel,1266.8,N
,https://www.usa.gov/#,Airtel,1112.6,N
,https://www.usa.gov/car-complaints,Airtel,1211.4,N
,https://www.usa.gov/motor-vehicle-services,Airtel,938.6,N
,https://www.usa.gov/recreation,Airtel,1040.2,N
,https://www.usa.gov/state-travel-and-tourism,Airtel,1030,N
,https://www.usa.gov/plane-travel,Airtel,1519.4,N
,https://www.usa.gov/travel-complaint,Airtel,1034,N
,https://www.usa.gov/#,Airtel,1144,N
,https://www.usa.gov/visas,Airtel,1073.6,N
,https://www.usa.gov/visitors-driving,Airtel,1021.8,N
,https://www.usa.gov/study-in-US,Airtel,970.6,N
,https://www.usa.gov/visa-problems,Airtel,1054,N
,https://www.usa.gov/visitors,Airtel,1036.6,N
,https://www.usa.gov/#,Airtel,1308.8,N
,https://www.usa.gov/midterm-state-and-local-elections,Airtel,1021.4,N
,https://www.usa.gov/voter-research,Airtel,1107.8,N
,https://www.usa.gov/election-office,Airtel,933.8,N
,https://www.usa.gov/#,Airtel,966.4,N
,https://www.usa.gov/absentee-voting,Airtel,1425.6,N
,https://www.usa.gov/voting-political-party,Airtel,1257.6,N
,https://www.usa.gov/election-day,Airtel,1089,N
,https://www.usa.gov/who-can-vote,Airtel,1080.2,N
,https://www.usa.gov/inauguration,Airtel,1075.8,N
,https://www.usa.gov/election,Airtel,1831,N
,https://www.usa.gov/#,Airtel,1951.8,N
,https://www.usa.gov/change-voter-registration,Airtel,1977.4,N
,https://www.usa.gov/confirm-voter-registration,Airtel,1578.4,N
,https://www.usa.gov/voter-registration-card,Airtel,927,N
,https://www.usa.gov/register-to-vote,Airtel,1755.4,N
,https://www.usa.gov/voter-registration-age-requirements,Airtel,1242,N
,https://www.usa.gov/#,Airtel,1111,N
,https://www.usa.gov/election-results,Airtel,1091.8,N
,https://www.usa.gov/voter-id,Airtel,939.4,N
,https://www.usa.gov/voting-laws,Airtel,1111.6,N
,https://www.usa.gov/who-can-vote,Airtel,1154.6,N
,https://www.usa.gov/#tpcs,Airtel,1097.8,N
,https://www.usa.gov/branches-of-government,Airtel,1885.8,N
,https://www.usa.gov/budget,Airtel,1204.2,N
,https://www.usa.gov/statistics,Airtel,1098.4,N
,https://www.usa.gov/history,Airtel,1196.8,N
,https://www.usa.gov/flag,Airtel,1197,N
,https://www.usa.gov/life-in-the-us,Airtel,1033,N
,https://www.usa.gov/presidents,Airtel,969,N
,https://www.usa.gov/agencies,Airtel,1034,N
,https://www.usa.gov/laws,Airtel,1238.2,N
,https://www.usa.gov/about-the-us,Airtel,1144.4,N
,https://www.usa.gov/benefits,Airtel,1065.2,N
,https://www.usa.gov/state-social-services,Airtel,1226,N
,https://www.usa.gov/help-with-bills,Airtel,1129.8,N
,https://www.usa.gov/grants,Airtel,958.8,N
,https://www.usa.gov/food-help,Airtel,1459.4,N
,https://www.usa.gov/about-social-security,Airtel,1057.8,N
,https://www.usa.gov/finding-home,Airtel,1615.8,N
,https://www.usa.gov/financial-aid,Airtel,1041.4,N
,https://www.usa.gov/military-assistance,Airtel,1060,N
,https://www.usa.gov/retirement,Airtel,1244.2,N
,https://www.usa.gov/unemployment,Airtel,1313,N
,https://www.usa.gov/benefits-grants-loans,Airtel,1315.6,N
,https://www.usa.gov/federal-agencies,Airtel,1253.6,N
,https://www.usa.gov/state-tribal-governments,Airtel,1060.2,N
,https://www.usa.gov/elected-officials,Airtel,1099.2,N
,https://www.usa.gov/forms,Airtel,983.2,N
,https://www.usa.gov/buy-from-government,Airtel,935.8,N
,https://www.usa.gov/about-the-us,Airtel,1155.4,N
,https://www.usa.gov/branches-of-government,Airtel,1349.6,N
,https://www.usa.gov/budget,Airtel,1057.4,N
,https://www.usa.gov/agencies,Airtel,1110.6,N
,https://www.usa.gov/job-search,Airtel,965,N
,https://www.usa.gov/unemployment,Airtel,1083.8,N
,https://www.usa.gov/labor-laws,Airtel,1022.6,N
,https://www.usa.gov/federal-employees,Airtel,1493.4,N
,https://www.usa.gov/retirement,Airtel,1282,N
,https://www.usa.gov/business,Airtel,1156.6,N
,https://www.usa.gov/jobs-and-unemployment,Airtel,1067,N
,https://www.usa.gov/taxes,Airtel,1192.4,N
,https://www.usa.gov/credit-and-debt,Airtel,1181.2,N
,https://www.usa.gov/spend-save-invest,Airtel,1116.8,N
,https://www.usa.gov/unclaimed-money,Airtel,914.4,N
,https://www.usa.gov/state-lotteries,Airtel,1011.8,N
,https://www.usa.gov/currency,Airtel,1128.8,N
,https://www.usa.gov/benefits-grants-loans,Airtel,1201.8,N
,https://www.usa.gov/consumer,Airtel,1105,N
,https://www.usa.gov/housing,Airtel,1124.2,N
,https://www.usa.gov/retirement,Airtel,1249.4,N
,https://www.usa.gov/money,Airtel,1149.2,N
,https://www.usa.gov/travel-abroad,Airtel,1110.4,N
,https://www.usa.gov/immigration-and-citizenship,Airtel,875.6,N
,https://www.usa.gov/visas-and-visitors,Airtel,1061.8,N
,https://www.usa.gov/recreation-and-travel,Airtel,973.4,N
,https://www.usa.gov/travel-and-immigration,Airtel,1210.8,N
,https://www.usa.gov/espanol/,Airtel,1516.2,N
,https://www.usa.gov/check-tax-status#item-35442,Airtel,1323.2,N
,https://www.usa.gov/passport,Airtel,1123.2,N
,https://www.usa.gov/unemployment,Airtel,1081,N
,https://www.usa.gov/disaster-help-food-housing-bills#item-214635,Airtel,1199.8,N
,https://www.usa.gov/coronavirus,Airtel,1228.2,N
,https://www.usa.gov/how-to-use,Airtel,1114.2,N
,https://www.usa.gov/#tpcs,Airtel,1048.6,N
,https://www.usa.gov/about-the-us,Airtel,1104.2,N
,https://www.usa.gov/benefits-grants-loans,Airtel,953.2,N
,https://www.usa.gov/consumer,Airtel,1034.8,N
,https://www.usa.gov/coronavirus,Airtel,1135,N
,https://www.usa.gov/disability-services,Airtel,1176.4,N
,https://www.usa.gov/disasters-and-emergencies,Airtel,1429.8,N
,https://www.usa.gov/earth-and-environment,Airtel,1258.6,N
,https://www.usa.gov/education,Airtel,1389.8,N
,https://www.usa.gov/agencies,Airtel,1091.6,N
,https://www.usa.gov/health,Airtel,1106.6,N
,https://www.usa.gov/housing,Airtel,1043.8,N
,https://www.usa.gov/jobs-and-unemployment,Airtel,1084,N
,https://www.usa.gov/laws,Airtel,1181.2,N
,https://www.usa.gov/military-and-veterans,Airtel,1281,N
,https://www.usa.gov/money,Airtel,1376.6,N
,https://www.usa.gov/business,Airtel,1018.2,N
,https://www.usa.gov/travel-and-immigration,Airtel,1160.6,N
,https://www.usa.gov/voting,Airtel,1242.6,N
,https://www.usa.gov/#content,Airtel,1776,N
,https://www.usa.gov/about,Airtel,1110.8,N
,https://www.usa.gov/media,Airtel,1017.6,N
,https://www.usa.gov/developer,Airtel,1276.6,N
,https://www.usa.gov/site-issue-report-form,Airtel,2345.4,N
,https://www.usa.gov/#tpcs,Airtel,1087.8,N
,https://www.usa.gov/phone,Airtel,1098.8,N
,https://usa.gov/espanol/contactenos,Airtel,1109.2,N
,https://www.facebook.com/USAgov,Airtel,3820.2,N
,https://twitter.com/USAgov,Airtel,1117,N
,https://www.youtube.com/usagov1,Airtel,2300.8,N
,https://www.instagram.com/usagov/,Airtel,1673.6,N
,https://www.pinterest.com/usagov/,Airtel,3844.6,N
,,,,
https://www.bits-pilani.ac.in/,https://www.bits-pilani.ac.in/index.aspx,Airtel,1342.4,N
,javascript:void(0),Airtel,0,N
,javascript:void(0);,Airtel,0,N
,https://www.bits-pilani.ac.in/Overview,Airtel,1593.4,N
,https://www.bits-pilani.ac.in/bitsFactsHistory,Airtel,1675.2,N
,https://www.bits-pilani.ac.in/visitbits,Airtel,1335.4,N
,https://www.bits-pilani.ac.in/AwardsandAccreditations,Airtel,1364.8,N
,https://www.bits-pilani.ac.in/AQARS,Airtel,1365,N
,https://www.bits-pilani.ac.in/TradeMarks,Airtel,1366.6,N
,https://www.bits-pilani.ac.in/SSR,Airtel,1252.8,N
,https://www.bits-pilani.ac.in/NIRF,Airtel,1227.6,N
,https://www.bits-pilani.ac.in/AwardsAchievements,Airtel,1449.6,N
,https://www.bits-pilani.ac.in/InstitutionalKnowledgeandAnalysisCell,Airtel,1432.8,N
,https://www.bits-pilani.ac.in/officesAndAdministrationFirst,Airtel,1449,N
,https://www.bits-pilani.ac.in/BITScan,Airtel,1408,N
,https://www.bits-pilani.ac.in/Overview,Airtel,1577.2,N
,https://www.bits-pilani.ac.in/bitsFactsHistory,Airtel,1302.8,N
,https://www.bits-pilani.ac.in/visitbits,Airtel,1253.2,N
,https://www.bits-pilani.ac.in/AwardsandAccreditations,Airtel,1340.8,N
,https://www.bits-pilani.ac.in/AQARS,Airtel,1336.4,N
,https://www.bits-pilani.ac.in/TradeMarks,Airtel,1280.8,N
,https://www.bits-pilani.ac.in/SSR,Airtel,1159,N
,https://www.bits-pilani.ac.in/NIRF,Airtel,1239,N
,https://www.bits-pilani.ac.in/AwardsAchievements,Airtel,1345.8,N
,https://www.bits-pilani.ac.in/InstitutionalKnowledgeandAnalysisCell,Airtel,1345,N
,https://www.bits-pilani.ac.in/officesAndAdministrationFirst,Airtel,1303.6,N
,https://www.bits-pilani.ac.in/BITScan,Airtel,1262.2,N
,https://www.bits-pilani.ac.in/Overview,Airtel,1596.8,N
,https://www.bits-pilani.ac.in/bitsFactsHistory,Airtel,1488.8,N
,https://www.bits-pilani.ac.in/visitbits,Airtel,1211.2,N
,https://www.bits-pilani.ac.in/AwardsandAccreditations,Airtel,1220.4,N
,https://www.bits-pilani.ac.in/AQARS,Airtel,1330.6,N
,https://www.bits-pilani.ac.in/TradeMarks,Airtel,1245.6,N
,https://www.bits-pilani.ac.in/SSR,Airtel,1346.8,N
,https://www.bits-pilani.ac.in/NIRF,Airtel,1118.4,N
,https://www.bits-pilani.ac.in/AwardsAchievements,Airtel,1382.2,N
,https://www.bits-pilani.ac.in/InstitutionalKnowledgeandAnalysisCell,Airtel,1274.4,N
,https://www.bits-pilani.ac.in/officesAndAdministrationFirst,Airtel,1377.2,N
,https://www.bits-pilani.ac.in/BITScan,Airtel,1254.2,N
,https://www.bits-pilani.ac.in/Overview,Airtel,1290,N
,https://www.bits-pilani.ac.in/bitsFactsHistory,Airtel,1269.2,N
,https://www.bits-pilani.ac.in/visitbits,Airtel,1247.6,N
,https://www.bits-pilani.ac.in/AwardsandAccreditations,Airtel,1452.4,N
,https://www.bits-pilani.ac.in/AQARS,Airtel,1336.6,N
,https://www.bits-pilani.ac.in/TradeMarks,Airtel,1455.4,N
,https://www.bits-pilani.ac.in/SSR,Airtel,1156.2,N
,https://www.bits-pilani.ac.in/NIRF,Airtel,1247.6,N
,https://www.bits-pilani.ac.in/AwardsAchievements,Airtel,1392,N
,https://www.bits-pilani.ac.in/InstitutionalKnowledgeandAnalysisCell,Airtel,1269.6,N
,https://www.bits-pilani.ac.in/officesAndAdministrationFirst,Airtel,1326.4,N
,https://www.bits-pilani.ac.in/BITScan,Airtel,1369.4,N
,https://www.bits-pilani.ac.in/Overview,Airtel,1430.4,N
,https://www.bits-pilani.ac.in/bitsFactsHistory,Airtel,1303.8,N
,https://www.bits-pilani.ac.in/visitbits,Airtel,1497,N
,https://www.bits-pilani.ac.in/AwardsandAccreditations,Airtel,1381,N
,https://www.bits-pilani.ac.in/AQARS,Airtel,1242.2,N
,https://www.bits-pilani.ac.in/TradeMarks,Airtel,1512.4,N
,https://www.bits-pilani.ac.in/SSR,Airtel,1159.6,N
,https://www.bits-pilani.ac.in/NIRF,Airtel,1116.2,N
,https://www.bits-pilani.ac.in/AwardsAchievements,Airtel,1245.6,N
,https://www.bits-pilani.ac.in/InstitutionalKnowledgeandAnalysisCell,Airtel,1257.4,N
,https://www.bits-pilani.ac.in/officesAndAdministrationFirst,Airtel,1338,N
,https://www.bits-pilani.ac.in/BITScan,Airtel,1363.6,N
,https://www.bits-pilani.ac.in/Overview,Airtel,1440.8,N
,https://www.bits-pilani.ac.in/bitsFactsHistory,Airtel,1276,N
,https://www.bits-pilani.ac.in/visitbits,Airtel,1236,N
,https://www.bits-pilani.ac.in/AwardsandAccreditations,Airtel,1518.6,N
,https://www.bits-pilani.ac.in/AQARS,Airtel,1233,N
,https://www.bits-pilani.ac.in/TradeMarks,Airtel,1323.6,N
,https://www.bits-pilani.ac.in/SSR,Airtel,1252.4,N
,https://www.bits-pilani.ac.in/NIRF,Airtel,1248.8,N
,https://www.bits-pilani.ac.in/AwardsAchievements,Airtel,1317,N
,https://www.bits-pilani.ac.in/InstitutionalKnowledgeandAnalysisCell,Airtel,1258.2,N
,https://www.bits-pilani.ac.in/officesAndAdministrationFirst,Airtel,1404.2,N
,https://www.bits-pilani.ac.in/BITScan,Airtel,1479.2,N
,https://www.bits-pilani.ac.in/Overview,Airtel,1319.4,N
,https://www.bits-pilani.ac.in/bitsFactsHistory,Airtel,1564.4,N
,https://www.bits-pilani.ac.in/visitbits,Airtel,1224,N
,https://www.bits-pilani.ac.in/AwardsandAccreditations,Airtel,1241,N
,https://www.bits-pilani.ac.in/AQARS,Airtel,1324.8,N
,https://www.bits-pilani.ac.in/TradeMarks,Airtel,1699.8,N
,https://www.bits-pilani.ac.in/SSR,Airtel,1204,N
,https://www.bits-pilani.ac.in/NIRF,Airtel,1119.2,N
,https://www.bits-pilani.ac.in/AwardsAchievements,Airtel,1639,N
,https://www.bits-pilani.ac.in/InstitutionalKnowledgeandAnalysisCell,Airtel,1209.2,N
,https://www.bits-pilani.ac.in/officesAndAdministrationFirst,Airtel,1232.2,N
,https://www.bits-pilani.ac.in/BITScan,Airtel,1313,N
,https://www.bits-pilani.ac.in/Overview,Airtel,1305.8,N
,https://www.bits-pilani.ac.in/bitsFactsHistory,Airtel,1330.2,N
,https://www.bits-pilani.ac.in/visitbits,Airtel,1261.8,N
,https://www.bits-pilani.ac.in/AwardsandAccreditations,Airtel,1557.2,N
,https://www.bits-pilani.ac.in/AQARS,Airtel,1274.8,N
,https://www.bits-pilani.ac.in/TradeMarks,Airtel,1359.2,N
,https://www.bits-pilani.ac.in/SSR,Airtel,1258.4,N
,https://www.bits-pilani.ac.in/NIRF,Airtel,1158.6,N
,https://www.bits-pilani.ac.in/AwardsAchievements,Airtel,1537.2,N
,https://www.bits-pilani.ac.in/InstitutionalKnowledgeandAnalysisCell,Airtel,1298.2,N
,https://www.bits-pilani.ac.in/officesAndAdministrationFirst,Airtel,1422,N
,https://www.bits-pilani.ac.in/BITScan,Airtel,1208.2,N
,https://www.bits-pilani.ac.in/Overview,Airtel,1288.4,N
,https://www.bits-pilani.ac.in/bitsFactsHistory,Airtel,1383.2,N
,https://www.bits-pilani.ac.in/visitbits,Airtel,1207.6,N
,https://www.bits-pilani.ac.in/AwardsandAccreditations,Airtel,1263.4,N
,https://www.bits-pilani.ac.in/AQARS,Airtel,1279,N
,https://www.bits-pilani.ac.in/TradeMarks,Airtel,1363.4,N
,https://www.bits-pilani.ac.in/SSR,Airtel,1174.4,N
,https://www.bits-pilani.ac.in/NIRF,Airtel,1267.6,N
,https://www.bits-pilani.ac.in/AwardsAchievements,Airtel,1356,N
,https://www.bits-pilani.ac.in/InstitutionalKnowledgeandAnalysisCell,Airtel,1313.4,N
,https://www.bits-pilani.ac.in/officesAndAdministrationFirst,Airtel,1295.4,N
,https://www.bits-pilani.ac.in/BITScan,Airtel,1309.4,N
,https://www.bits-pilani.ac.in/Overview,Airtel,1275.8,N
,https://www.bits-pilani.ac.in/bitsFactsHistory,Airtel,1290.2,N
,https://www.bits-pilani.ac.in/visitbits,Airtel,1257.2,N
,https://www.bits-pilani.ac.in/AwardsandAccreditations,Airtel,1293,N
,https://www.bits-pilani.ac.in/AQARS,Airtel,1306.6,N
,https://www.bits-pilani.ac.in/TradeMarks,Airtel,1339.2,N
,https://www.bits-pilani.ac.in/SSR,Airtel,1187.6,N
,https://www.bits-pilani.ac.in/NIRF,Airtel,1186,N
,https://www.bits-pilani.ac.in/AwardsAchievements,Airtel,1345.4,N
,https://www.bits-pilani.ac.in/InstitutionalKnowledgeandAnalysisCell,Airtel,1325.8,N
,https://www.bits-pilani.ac.in/officesAndAdministrationFirst,Airtel,1288.4,N
,https://www.bits-pilani.ac.in/BITScan,Airtel,1266.4,N
,https://www.bits-pilani.ac.in/Overview,Airtel,1326,N
,https://www.bits-pilani.ac.in/bitsFactsHistory,Airtel,1319.2,N
,https://www.bits-pilani.ac.in/visitbits,Airtel,1231.2,N
,https://www.bits-pilani.ac.in/AwardsandAccreditations,Airtel,1377.6,N
,https://www.bits-pilani.ac.in/AQARS,Airtel,1345.8,N
,https://www.bits-pilani.ac.in/TradeMarks,Airtel,1325.6,N
,https://www.bits-pilani.ac.in/SSR,Airtel,1183.2,N
,https://www.bits-pilani.ac.in/NIRF,Airtel,1156.8,N
,https://www.bits-pilani.ac.in/AwardsAchievements,Airtel,1306.8,N
,https://www.bits-pilani.ac.in/InstitutionalKnowledgeandAnalysisCell,Airtel,1234.4,N
,https://www.bits-pilani.ac.in/officesAndAdministrationFirst,Airtel,1285.2,N
,https://www.bits-pilani.ac.in/BITScan,Airtel,1259.6,N
,https://www.bits-pilani.ac.in/Overview,Airtel,1387.6,N
,https://www.bits-pilani.ac.in/bitsFactsHistory,Airtel,1307.6,N
,https://www.bits-pilani.ac.in/visitbits,Airtel,1365.2,N
,https://www.bits-pilani.ac.in/AwardsandAccreditations,Airtel,1326.8,N
,https://www.bits-pilani.ac.in/AQARS,Airtel,1456.4,N
,https://www.bits-pilani.ac.in/TradeMarks,Airtel,1321,N
,https://www.bits-pilani.ac.in/SSR,Airtel,1148.2,N
,https://www.bits-pilani.ac.in/NIRF,Airtel,1208.6,N
,https://www.bits-pilani.ac.in/AwardsAchievements,Airtel,1412.8,N
,https://www.bits-pilani.ac.in/InstitutionalKnowledgeandAnalysisCell,Airtel,1332.8,N
,https://www.bits-pilani.ac.in/officesAndAdministrationFirst,Airtel,1312.8,N
,https://www.bits-pilani.ac.in/BITScan,Airtel,1259.8,N
,https://www.bits-pilani.ac.in/Overview,Airtel,1370.2,N
,https://www.bits-pilani.ac.in/bitsFactsHistory,Airtel,1276.6,N
,https://www.bits-pilani.ac.in/visitbits,Airtel,1192.8,N
,https://www.bits-pilani.ac.in/AwardsandAccreditations,Airtel,1237.8,N
,https://www.bits-pilani.ac.in/AQARS,Airtel,1311,N
,https://www.bits-pilani.ac.in/TradeMarks,Airtel,1342.4,N
,https://www.bits-pilani.ac.in/SSR,Airtel,1171.6,N
,https://www.bits-pilani.ac.in/NIRF,Airtel,1193,N
,https://www.bits-pilani.ac.in/AwardsAchievements,Airtel,1421.2,N
,https://www.bits-pilani.ac.in/InstitutionalKnowledgeandAnalysisCell,Airtel,1207.2,N
,https://www.bits-pilani.ac.in/officesAndAdministrationFirst,Airtel,1296,N
,https://www.bits-pilani.ac.in/BITScan,Airtel,1304.2,N
,javascript:void(0);,Airtel,0,N
,https://www.bits-pilani.ac.in/admissionsOverview,Airtel,1345.4,N
,http://www.bitsadmission.com/,Airtel,1270.6,N
,http://www.bitsadmission.com/,Airtel,427.2,N
,https://www.bitsadmission.com/,Airtel,401.2,N
,https://www.bits-pilani.ac.in/Dubai/admissionsOverview,Airtel,2223.2,N
,https://www.bits-pilani.ac.in/Dubai/eligibilityCriteria,Airtel,1765,N
,https://www.bits-pilani.ac.in/Dubai/applicationProcedure,Airtel,1597.8,N
,https://www.bits-pilani.ac.in/Dubai/scholarships,Airtel,1733.6,N
,https://www.bits-pilani.ac.in/dubai/feeStructure,Airtel,1629,N
,https://www.bits-pilani.ac.in/Dubai/visaTnC,Airtel,1788,N
,http://www.bits-pilani.ac.in/university/wilp/wilpoverview,Airtel,3344.8,N
,https://bits-pilani-wilp.ac.in/programmes-for-individuals.php,Airtel,2282.6,N
,https://bits-pilani-wilp.ac.in/programmes-for-organisation.php,Airtel,2603.8,N
,https://www.bits-pilani.ac.in/admissionsOverview,Airtel,1383,N
,http://www.bitsadmission.com/,Airtel,423.2,N
,http://www.bitsadmission.com/,Airtel,572.4,N
,https://www.bitsadmission.com/,Airtel,507.6,N
,https://www.bits-pilani.ac.in/Dubai/admissionsOverview,Airtel,1809.6,N
,https://www.bits-pilani.ac.in/Dubai/eligibilityCriteria,Airtel,1787.4,N
,https://www.bits-pilani.ac.in/Dubai/applicationProcedure,Airtel,1644.8,N
,https://www.bits-pilani.ac.in/Dubai/scholarships,Airtel,1850,N
,https://www.bits-pilani.ac.in/dubai/feeStructure,Airtel,1655,N
,https://www.bits-pilani.ac.in/Dubai/visaTnC,Airtel,1820.6,N
,http://www.bits-pilani.ac.in/university/wilp/wilpoverview,Airtel,2509.4,N
,https://bits-pilani-wilp.ac.in/programmes-for-individuals.php,Airtel,2411.4,N
,https://bits-pilani-wilp.ac.in/programmes-for-organisation.php,Airtel,1594.8,N
,https://www.bits-pilani.ac.in/admissionsOverview,Airtel,1437,N
,http://www.bitsadmission.com/,Airtel,655.6,N
,http://www.bitsadmission.com/,Airtel,712,N
,https://www.bitsadmission.com/,Airtel,499.4,N
,https://www.bits-pilani.ac.in/Dubai/admissionsOverview,Airtel,1808.6,N
,https://www.bits-pilani.ac.in/Dubai/eligibilityCriteria,Airtel,1728.2,N
,https://www.bits-pilani.ac.in/Dubai/applicationProcedure,Airtel,1919.6,N
,https://www.bits-pilani.ac.in/Dubai/scholarships,Airtel,1838.2,N
,https://www.bits-pilani.ac.in/dubai/feeStructure,Airtel,1800,N
,https://www.bits-pilani.ac.in/Dubai/visaTnC,Airtel,2117.4,N
,http://www.bits-pilani.ac.in/university/wilp/wilpoverview,Airtel,2260.6,N
,https://bits-pilani-wilp.ac.in/programmes-for-individuals.php,Airtel,2656.8,N
,https://bits-pilani-wilp.ac.in/programmes-for-organisation.php,Airtel,1402.8,N
,javascript:void(0);,Airtel,0,N
,https://www.bits-pilani.ac.in/integratedFirstDegreeOverview,Airtel,1584.4,N
,https://www.bits-pilani.ac.in/behons,Airtel,1376.6,N
,https://www.bits-pilani.ac.in/bpharmhons,Airtel,1434.4,N
,https://www.bits-pilani.ac.in/mschons,Airtel,1375.6,N
,https://www.bits-pilani.ac.in/msctech,Airtel,1258.2,N
,https://www.bits-pilani.ac.in/higherDegreeOverview,Airtel,1461.8,N
,https://www.bits-pilani.ac.in/me,Airtel,1294.8,N
,https://www.bits-pilani.ac.in/mpharm,Airtel,1237.6,N
,http://www.bits-pilani.ac.in/pilani/management/Management,Airtel,1959.8,N
,http://www.bits-pilani.ac.in/university/AcademicResearch/Overview,Airtel,1227.6,N
,https://www.bits-pilani.ac.in/features,Airtel,1315.2,N
,https://www.bits-pilani.ac.in/researchAreas,Airtel,1364.6,N
,http://www.bits-pilani.ac.in/university/AcademicResearch/Overview,Airtel,1468.8,N
,http://www.bits-pilani.ac.in/university/AcademicResearch/Overview,Airtel,1329.8,N
,http://www.bits-pilani.ac.in/university/AcademicResearch/Overview,Airtel,1062.6,N
,https://www.bits-pilani.ac.in/integratedFirstDegreeOverview,Airtel,1450.8,N
,https://www.bits-pilani.ac.in/behons,Airtel,1225.4,N
,https://www.bits-pilani.ac.in/bpharmhons,Airtel,1247.2,N
,https://www.bits-pilani.ac.in/mschons,Airtel,1354.4,N
,https://www.bits-pilani.ac.in/msctech,Airtel,1313.2,N
,https://www.bits-pilani.ac.in/higherDegreeOverview,Airtel,1256,N
,https://www.bits-pilani.ac.in/me,Airtel,1248.8,N
,https://www.bits-pilani.ac.in/mpharm,Airtel,1284.6,N
,http://www.bits-pilani.ac.in/pilani/management/Management,Airtel,1769.2,N
,http://www.bits-pilani.ac.in/university/AcademicResearch/Overview,Airtel,1285.4,N
,https://www.bits-pilani.ac.in/features,Airtel,1284.4,N
,https://www.bits-pilani.ac.in/researchAreas,Airtel,1223.2,N
,http://www.bits-pilani.ac.in/university/AcademicResearch/Overview,Airtel,1385.6,N
,http://www.bits-pilani.ac.in/university/AcademicResearch/Overview,Airtel,1661.2,N
,http://www.bits-pilani.ac.in/university/AcademicResearch/Overview,Airtel,974.2,N
,https://www.bits-pilani.ac.in/integratedFirstDegreeOverview,Airtel,1198,N
,https://www.bits-pilani.ac.in/behons,Airtel,1262.8,N
,https://www.bits-pilani.ac.in/bpharmhons,Airtel,1333.4,N
,https://www.bits-pilani.ac.in/mschons,Airtel,1409.4,N
,https://www.bits-pilani.ac.in/msctech,Airtel,1323.8,N
,https://www.bits-pilani.ac.in/higherDegreeOverview,Airtel,1257.4,N
,https://www.bits-pilani.ac.in/me,Airtel,1477.6,N
,https://www.bits-pilani.ac.in/mpharm,Airtel,1474.4,N
,http://www.bits-pilani.ac.in/pilani/management/Management,Airtel,1937.4,N
,http://www.bits-pilani.ac.in/university/AcademicResearch/Overview,Airtel,1204.4,N
,https://www.bits-pilani.ac.in/features,Airtel,1253.6,N
,https://www.bits-pilani.ac.in/researchAreas,Airtel,1242.8,N
,http://www.bits-pilani.ac.in/university/AcademicResearch/Overview,Airtel,1458.6,N
,http://www.bits-pilani.ac.in/university/AcademicResearch/Overview,Airtel,1301.4,N
,http://www.bits-pilani.ac.in/university/AcademicResearch/Overview,Airtel,1029.4,N
,javascript:void(0);,Airtel,0,N
,https://www.bits-pilani.ac.in/researchOverview,Airtel,1551,N
,https://www.bits-pilani.ac.in/researchAtBITSpilani,Airtel,1506.6,N
,https://www.bits-pilani.ac.in/listing.aspx?cid=37&id=16,Airtel,1552.4,N
,https://www.bits-pilani.ac.in/RandDcentres,Airtel,1340.2,N
,https://www.bits-pilani.ac.in/listing.aspx?cid=37&id=17,Airtel,1312,N
,https://www.bits-pilani.ac.in/listing.aspx?cid=37&id=19,Airtel,1233.2,N
,https://www.bits-pilani.ac.in/showcase,Airtel,1359.8,N
,https://www.bits-pilani.ac.in/Patents,Airtel,1211.2,N
,http://www.bits-pilani.ac.in/Uploads/ARD/Research_Scholar_Data.pdf,Airtel,198.4,N
,https://www.bits-pilani.ac.in/researchOverview,Airtel,1384.6,N
,https://www.bits-pilani.ac.in/researchAtBITSpilani,Airtel,1354.4,N
,https://www.bits-pilani.ac.in/listing.aspx?cid=37&id=16,Airtel,1247,N
,https://www.bits-pilani.ac.in/RandDcentres,Airtel,1370.2,N
,https://www.bits-pilani.ac.in/listing.aspx?cid=37&id=17,Airtel,1385,N
,https://www.bits-pilani.ac.in/listing.aspx?cid=37&id=19,Airtel,1290,N
,https://www.bits-pilani.ac.in/showcase,Airtel,1278.6,N
,https://www.bits-pilani.ac.in/Patents,Airtel,1331,N
,http://www.bits-pilani.ac.in/Uploads/ARD/Research_Scholar_Data.pdf,Airtel,161.2,N
,https://www.bits-pilani.ac.in/researchOverview,Airtel,1339.4,N
,https://www.bits-pilani.ac.in/researchAtBITSpilani,Airtel,1305.4,N
,https://www.bits-pilani.ac.in/listing.aspx?cid=37&id=16,Airtel,1265.2,N
,https://www.bits-pilani.ac.in/RandDcentres,Airtel,1323.6,N
,https://www.bits-pilani.ac.in/listing.aspx?cid=37&id=17,Airtel,1250.6,N
,https://www.bits-pilani.ac.in/listing.aspx?cid=37&id=19,Airtel,1325.2,N
,https://www.bits-pilani.ac.in/showcase,Airtel,1412.2,N
,https://www.bits-pilani.ac.in/Patents,Airtel,1241,N
,http://www.bits-pilani.ac.in/Uploads/ARD/Research_Scholar_Data.pdf,Airtel,169.8,N
,https://www.bits-pilani.ac.in/researchOverview,Airtel,1269.4,N
,https://www.bits-pilani.ac.in/researchAtBITSpilani,Airtel,1468,N
,https://www.bits-pilani.ac.in/listing.aspx?cid=37&id=16,Airtel,1353.6,N
,https://www.bits-pilani.ac.in/RandDcentres,Airtel,1465.4,N
,https://www.bits-pilani.ac.in/listing.aspx?cid=37&id=17,Airtel,1336,N
,https://www.bits-pilani.ac.in/listing.aspx?cid=37&id=19,Airtel,2728.2,N
,https://www.bits-pilani.ac.in/showcase,Airtel,1937.2,N
,https://www.bits-pilani.ac.in/Patents,Airtel,1298.8,N
,http://www.bits-pilani.ac.in/Uploads/ARD/Research_Scholar_Data.pdf,Airtel,156.2,N
,https://www.bits-pilani.ac.in/researchOverview,Airtel,1443.2,N
,https://www.bits-pilani.ac.in/researchAtBITSpilani,Airtel,1338.8,N
,https://www.bits-pilani.ac.in/listing.aspx?cid=37&id=16,Airtel,1280,N
,https://www.bits-pilani.ac.in/RandDcentres,Airtel,1407.8,N
,https://www.bits-pilani.ac.in/listing.aspx?cid=37&id=17,Airtel,1305.2,N
,https://www.bits-pilani.ac.in/listing.aspx?cid=37&id=19,Airtel,1377,N
,https://www.bits-pilani.ac.in/showcase,Airtel,1328.2,N
,https://www.bits-pilani.ac.in/Patents,Airtel,1780.6,N
,http://www.bits-pilani.ac.in/Uploads/ARD/Research_Scholar_Data.pdf,Airtel,170.2,N
,https://www.bits-pilani.ac.in/researchOverview,Airtel,1250.8,N
,https://www.bits-pilani.ac.in/researchAtBITSpilani,Airtel,1275,N
,https://www.bits-pilani.ac.in/listing.aspx?cid=37&id=16,Airtel,1307.8,N
,https://www.bits-pilani.ac.in/RandDcentres,Airtel,1308.8,N
,https://www.bits-pilani.ac.in/listing.aspx?cid=37&id=17,Airtel,1347.2,N
,https://www.bits-pilani.ac.in/listing.aspx?cid=37&id=19,Airtel,1271.6,N
,https://www.bits-pilani.ac.in/showcase,Airtel,1285.8,N
,https://www.bits-pilani.ac.in/Patents,Airtel,1248.2,N
,http://www.bits-pilani.ac.in/Uploads/ARD/Research_Scholar_Data.pdf,Airtel,151.4,N
,https://www.bits-pilani.ac.in/researchOverview,Airtel,1325.4,N
,https://www.bits-pilani.ac.in/researchAtBITSpilani,Airtel,1316.8,N
,https://www.bits-pilani.ac.in/listing.aspx?cid=37&id=16,Airtel,1359.8,N
,https://www.bits-pilani.ac.in/RandDcentres,Airtel,1322.2,N
,https://www.bits-pilani.ac.in/listing.aspx?cid=37&id=17,Airtel,1443,N
,https://www.bits-pilani.ac.in/listing.aspx?cid=37&id=19,Airtel,1687.6,N
,https://www.bits-pilani.ac.in/showcase,Airtel,1620.8,N
,https://www.bits-pilani.ac.in/Patents,Airtel,1439.6,N
,http://www.bits-pilani.ac.in/Uploads/ARD/Research_Scholar_Data.pdf,Airtel,223.6,N
,https://www.bits-pilani.ac.in/researchOverview,Airtel,1556,N
,https://www.bits-pilani.ac.in/researchAtBITSpilani,Airtel,1552.2,N
,https://www.bits-pilani.ac.in/listing.aspx?cid=37&id=16,Airtel,1651.8,N
,https://www.bits-pilani.ac.in/RandDcentres,Airtel,1534.4,N
,https://www.bits-pilani.ac.in/listing.aspx?cid=37&id=17,Airtel,1635.4,N
,https://www.bits-pilani.ac.in/listing.aspx?cid=37&id=19,Airtel,2295.2,N
,https://www.bits-pilani.ac.in/showcase,Airtel,2068.2,N
,https://www.bits-pilani.ac.in/Patents,Airtel,2570.4,N
,http://www.bits-pilani.ac.in/Uploads/ARD/Research_Scholar_Data.pdf,Airtel,238,N
,https://www.bits-pilani.ac.in/researchOverview,Airtel,2284.2,N
,https://www.bits-pilani.ac.in/researchAtBITSpilani,Airtel,2405.6,N
,https://www.bits-pilani.ac.in/listing.aspx?cid=37&id=16,Airtel,1673.6,N
,https://www.bits-pilani.ac.in/RandDcentres,Airtel,2145.2,N
,https://www.bits-pilani.ac.in/listing.aspx?cid=37&id=17,Airtel,1529.8,N
,https://www.bits-pilani.ac.in/listing.aspx?cid=37&id=19,Airtel,1668.6,N
,https://www.bits-pilani.ac.in/showcase,Airtel,1961,N
,https://www.bits-pilani.ac.in/Patents,Airtel,1393,N
,http://www.bits-pilani.ac.in/Uploads/ARD/Research_Scholar_Data.pdf,Airtel,178.8,N
,javascript:void(0);,Airtel,0,N
,http://www.bits-pilani.ac.in/university/fad/Policies,Airtel,894.6,N
,http://www.bits-pilani.ac.in/NTPolicies,Airtel,1654,N
,https://www.bits-pilani.ac.in/SexualHarassment,Airtel,2898.6,N
,https://www.bits-pilani.ac.in/ConductRules,Airtel,1226.2,N
,https://www.bits-pilani.ac.in/DuplicateDegree,Airtel,1398.8,N
,https://www.bits-pilani.ac.in/DuplicateTranscripts,Airtel,1331.6,N
,https://www.bits-pilani.ac.in/QualificationVerification,Airtel,1606,N
,https://www.bits-pilani.ac.in/ExEmployeesVerification,Airtel,1238,N
,https://www.bits-pilani.ac.in/ChangeofName,Airtel,1356.6,N
,http://www.bits-pilani.ac.in/university/fad/Policies,Airtel,741.6,N
,http://www.bits-pilani.ac.in/NTPolicies,Airtel,1528,N
,https://www.bits-pilani.ac.in/SexualHarassment,Airtel,2444.2,N
,https://www.bits-pilani.ac.in/ConductRules,Airtel,1821.8,N
,https://www.bits-pilani.ac.in/DuplicateDegree,Airtel,1564.2,N
,https://www.bits-pilani.ac.in/DuplicateTranscripts,Airtel,1640.8,N
,https://www.bits-pilani.ac.in/QualificationVerification,Airtel,1621,N
,https://www.bits-pilani.ac.in/ExEmployeesVerification,Airtel,1492.8,N
,https://www.bits-pilani.ac.in/ChangeofName,Airtel,1220.6,N
,javascript:void(0);,Airtel,0,N
,http://www.bitsadmission.com/,Airtel,429.2,N
,http://www.bits-pilani.ac.in/university/practiceschool/Overview,Airtel,1085.8,N
,http://www.bits-pilani.ac.in/library,Airtel,1589,N
,http://www.bits-pilani.ac.in/placements,Airtel,1571,N
,http://www.bits-pilani.ac.in/careers,Airtel,1385.6,N
,http://www.bits-pilani.ac.in/university/wilp/wilpoverview,Airtel,2971,N
,http://www.bits-pilani.ac.in/university/ipcd/home,Airtel,1423,N
,http://www.bitsadmission.com/,Airtel,389.8,N
,http://www.bits-pilani.ac.in/university/practiceschool/Overview,Airtel,1171.8,N
,http://www.bits-pilani.ac.in/library,Airtel,1266.6,N
,http://www.bits-pilani.ac.in/placements,Airtel,1301.8,N
,http://www.bits-pilani.ac.in/careers,Airtel,1229.4,N
,http://www.bits-pilani.ac.in/university/wilp/wilpoverview,Airtel,2184.2,N
,http://www.bits-pilani.ac.in/university/ipcd/home,Airtel,1220.4,N
,http://www.bitsadmission.com/,Airtel,422.2,N
,http://www.bits-pilani.ac.in/university/practiceschool/Overview,Airtel,1106.6,N
,http://www.bits-pilani.ac.in/library,Airtel,1434.6,N
,http://www.bits-pilani.ac.in/placements,Airtel,1316,N
,http://www.bits-pilani.ac.in/careers,Airtel,1354,N
,http://www.bits-pilani.ac.in/university/wilp/wilpoverview,Airtel,2172.2,N
,http://www.bits-pilani.ac.in/university/ipcd/home,Airtel,1222.4,N
,http://www.bitsadmission.com/,Airtel,347.6,N
,http://www.bits-pilani.ac.in/university/practiceschool/Overview,Airtel,1070.2,N
,http://www.bits-pilani.ac.in/library,Airtel,1312.2,N
,http://www.bits-pilani.ac.in/placements,Airtel,1279,N
,http://www.bits-pilani.ac.in/careers,Airtel,1366.8,N
,http://www.bits-pilani.ac.in/university/wilp/wilpoverview,Airtel,2249.4,N
,http://www.bits-pilani.ac.in/university/ipcd/home,Airtel,1178.2,N
,http://www.bitsadmission.com/,Airtel,334,N
,http://www.bits-pilani.ac.in/university/practiceschool/Overview,Airtel,1017.6,N
,http://www.bits-pilani.ac.in/library,Airtel,1307.8,N
,http://www.bits-pilani.ac.in/placements,Airtel,1444,N
,http://www.bits-pilani.ac.in/careers,Airtel,1308.8,N
,http://www.bits-pilani.ac.in/university/wilp/wilpoverview,Airtel,2762.6,N
,http://www.bits-pilani.ac.in/university/ipcd/home,Airtel,1279.6,N
,http://www.bitsadmission.com/,Airtel,369,N
,http://www.bits-pilani.ac.in/university/practiceschool/Overview,Airtel,1028,N
,http://www.bits-pilani.ac.in/library,Airtel,1351.2,N
,http://www.bits-pilani.ac.in/placements,Airtel,1389.4,N
,http://www.bits-pilani.ac.in/careers,Airtel,1260,N
,http://www.bits-pilani.ac.in/university/wilp/wilpoverview,Airtel,2532,N
,http://www.bits-pilani.ac.in/university/ipcd/home,Airtel,1828.8,N
,http://www.bitsadmission.com/,Airtel,433.6,N
,http://www.bits-pilani.ac.in/university/practiceschool/Overview,Airtel,1230.4,N
,http://www.bits-pilani.ac.in/library,Airtel,1301,N
,http://www.bits-pilani.ac.in/placements,Airtel,1423.2,N
,http://www.bits-pilani.ac.in/careers,Airtel,1305.4,N
,http://www.bits-pilani.ac.in/university/wilp/wilpoverview,Airtel,2666.2,N
,http://www.bits-pilani.ac.in/university/ipcd/home,Airtel,1228.6,N
,javascript:void(0);,Airtel,0,N
,https://www.bits-pilani.ac.in/locations,Airtel,1574.8,N
,https://www.bits-pilani.ac.in/Pilani/index.aspx,Airtel,1923.8,N
,https://www.bits-pilani.ac.in/Dubai/index.aspx,Airtel,3080.8,N
,https://www.bits-pilani.ac.in/Goa/index.aspx,Airtel,1321.6,N
,https://www.bits-pilani.ac.in/Hyderabad/index.aspx,Airtel,6695.2,N
,https://www.bitsom.edu.in/,Airtel,3374.2,N
,https://www.bits-pilani.ac.in/locations,Airtel,1389.2,N
,https://www.bits-pilani.ac.in/Pilani/index.aspx,Airtel,1730.2,N
,https://www.bits-pilani.ac.in/Dubai/index.aspx,Airtel,1122,N
,https://www.bits-pilani.ac.in/Goa/index.aspx,Airtel,1137.8,N
,https://www.bits-pilani.ac.in/Hyderabad/index.aspx,Airtel,6009.6,N
,https://www.bitsom.edu.in/,Airtel,2280.6,N
,https://www.bits-pilani.ac.in/locations,Airtel,1287,N
,https://www.bits-pilani.ac.in/Pilani/index.aspx,Airtel,1989.6,N
,https://www.bits-pilani.ac.in/Dubai/index.aspx,Airtel,1299.2,N
,https://www.bits-pilani.ac.in/Goa/index.aspx,Airtel,1154,N
,https://www.bits-pilani.ac.in/Hyderabad/index.aspx,Airtel,6596.4,N
,https://www.bitsom.edu.in/,Airtel,1442,N
,https://www.bits-pilani.ac.in/locations,Airtel,1232.2,N
,https://www.bits-pilani.ac.in/Pilani/index.aspx,Airtel,1682.6,N
,https://www.bits-pilani.ac.in/Dubai/index.aspx,Airtel,2145.6,N
,https://www.bits-pilani.ac.in/Goa/index.aspx,Airtel,1134.2,N
,https://www.bits-pilani.ac.in/Hyderabad/index.aspx,Airtel,6036,N
,https://www.bitsom.edu.in/,Airtel,1664.2,N
,https://www.bits-pilani.ac.in/locations,Airtel,1347.4,N
,https://www.bits-pilani.ac.in/Pilani/index.aspx,Airtel,1873,N
,https://www.bits-pilani.ac.in/Dubai/index.aspx,Airtel,1112.2,N
,https://www.bits-pilani.ac.in/Goa/index.aspx,Airtel,1444.6,N
,https://www.bits-pilani.ac.in/Hyderabad/index.aspx,Airtel,6280.6,N
,https://www.bitsom.edu.in/,Airtel,2083.2,N
,https://www.bits-pilani.ac.in/locations,Airtel,1322.4,N
,https://www.bits-pilani.ac.in/Pilani/index.aspx,Airtel,1792,N
,https://www.bits-pilani.ac.in/Dubai/index.aspx,Airtel,0,Y
,https://www.bits-pilani.ac.in/Goa/index.aspx,Airtel,1189.8,N
,https://www.bits-pilani.ac.in/Hyderabad/index.aspx,Airtel,6565.2,N
,https://www.bitsom.edu.in/,Airtel,2084.4,N
,http://www.bitsadmission.com/,Airtel,408.6,N
,http://www.bits-pilani.ac.in/university/ipcd/home,Airtel,1226.8,N
,https://bits-pilani-wilp.ac.in/,Airtel,1892.8,N
,https://www.bits-pilani.ac.in/university/practiceschool/Overview,Airtel,963.6,N
,https://www.bits-pilani.ac.in/library,Airtel,1298,N
,https://www.bits-pilani.ac.in/alumni,Airtel,1581,N
,https://www.bits-pilani.ac.in/placements,Airtel,1286.2,N
,https://www.bits-pilani.ac.in/careers,Airtel,1204.2,N
,https://mail.google.com/,Airtel,1751,N
,http://www.facebook.com/pages/BITS-Pilani/194107694017505,Airtel,2713.2,N
,https://twitter.com/BITSPilaniIndia,Airtel,500.2,N
,http://www.youtube.com/user/BITSpilaniTechMedia/videos,Airtel,1802.8,N
,https://www.bits-pilani.ac.in/index.aspx,Airtel,1443.6,N
,javascript:void(0),Airtel,0,N
,javascript:void(0),Airtel,0,N
,javascript:void(0),Airtel,0,N
,javascript:void(0),Airtel,0,N
,https://www.bits-pilani.ac.in/Uploads/Pilani_Upload/News/Press-Release-MapmyIndia-founded-by-Rakesh-Kumar-Verma-March-2021.pdf,Airtel,164.6,N
,https://www.bitsadmission.com/,Airtel,324.2,N
,https://www.bits-pilani.ac.in/uploads/BITSAT%20brochure2122.pdf,Airtel,173.8,N
,https://www.bits-pilani.ac.in/uploads/Advertisement%20Bitsat%202021.pdf,Airtel,140.4,N
,https://www.bits-pilani.ac.in/uploads/Pharmacy%20Advertisement%202021.pdf,Airtel,153,N
,https://www.bits-pilani.ac.in/#,Airtel,1306.6,N
,https://www.bits-pilani.ac.in/Uploads/University_Upload/News/Aarogya-Stu-App.pdf,Airtel,184.4,N
,https://www.bits-pilani.ac.in/#,Airtel,1238,N
,https://www.bits-pilani.ac.in/Uploads/University_Upload/News/On-Line-Learning--ICT-initiatives-of-MHRD-and-UGC.pdf,Airtel,152,N
,https://www.bits-pilani.ac.in/#,Airtel,1354,N
,https://www.facebook.com/PrakashJavadekarOfficial/photos/a.186306041514440.60107.148253598653018/1605078849637145/?type=3&theater,Airtel,1138.2,N
,https://www.bits-pilani.ac.in/#,Airtel,1368.8,N
,https://www.youtube.com/watch?v=AvOWun2NtEQ&feature=youtu.be,Airtel,2125.8,N
,https://www.bits-pilani.ac.in/#,Airtel,1464.4,N
,http://www.bits-pilani.ac.in/uploads/Pilani_Upload/NAAC/Declaration_by_the_Head_of_the_Institute.pdf,Airtel,239,N
,http://www.bits-pilani.ac.in/uploads/Pilani_Upload/NAAC/Statement_of_compliance.pdf,Airtel,188.4,N
,http://www.bits-pilani.ac.in/uploads/Pilani_Upload/NAAC/Part%20I%20NAAC%20SSR%20-%20BITS%20Pilani.pdf,Airtel,205.4,N
,http://www.bits-pilani.ac.in/uploads/Pilani_Upload/NAAC/Part_II_NAAC_SSR_Campus_wise_Departmental_Evaluative_Reports/Part_II_NAAC_SSR_BITS_Pilani%20_Department_Evaluative_Reports.pdf,Airtel,179.8,N
,http://www.bits-pilani.ac.in/uploads/Pilani_Upload/NAAC/Part_II_NAAC_SSR_Campus_wise_Departmental_Evaluative_Reports/Part%20II-%20NAAC%20SSR%20BITS%20Goa%20Departmental%20Evaluation%20Report.pdf,Airtel,282,N
,http://www.bits-pilani.ac.in/uploads/Pilani_Upload/NAAC/Part_II_NAAC_SSR_Campus_wise_Departmental_Evaluative_Reports/Part_II%20_NAAC_SSR_BITS_Hyderabad%20Campus%20Department%20report.pdf,Airtel,251,N
,http://www.bits-pilani.ac.in/uploads/Pilani_Upload/NAAC/Part_II_NAAC_SSR_Campus_wise_Departmental_Evaluative_Reports/Part_II_NAAC_SSR_BITS_Dubai_Departmental_evaluation_report.pdf,Airtel,249.6,N
,javascript:void(0),Airtel,0,N
,javascript:void(0),Airtel,0,N
,https://www.bits-pilani.ac.in/#,Airtel,1489.8,N
,https://www.bitsadmission.com/,Airtel,331.8,N
,https://www.bits-pilani.ac.in/researchOverview,Airtel,1451,N
,https://www.bits-pilani.ac.in/researchOverview,Airtel,1520,N
,https://www.bits-pilani.ac.in/careers,Airtel,1236.8,N
,https://www.bits-pilani.ac.in/careers,Airtel,1243,N
,https://www.bits-pilani.ac.in/placements,Airtel,1300.8,N
,https://www.bits-pilani.ac.in/placements,Airtel,1366,N
,javascript:void(0);,Airtel,0,N
,javascript:void(0);,Airtel,0,N
,https://www.bits-pilani.ac.in/library,Airtel,1325,N
,https://www.bits-pilani.ac.in/placements,Airtel,1422.8,N
,https://www.bits-pilani.ac.in/careers,Airtel,1229.6,N
,http://www.bitsadmission.com/,Airtel,400.6,N
,https://www.bits-pilani.ac.in/university/practiceschool/Overview,Airtel,1000.2,N
,https://www.bits-pilani.ac.in/university/wilp/wilpoverview,Airtel,2346.6,N
,http://www.bits-pilani.ac.in/university/ipcd/home,Airtel,1455,N
,https://www.bits-pilani.ac.in/SexualHarassment,Airtel,2733.6,N
,javascript:void(0);,Airtel,0,N
,javascript:void(0);,Airtel,0,N
,https://www.bits-pilani.ac.in/NIRF,Airtel,1263.6,N
,https://erp.bits-pilani.ac.in/,Airtel,341.4,N
,https://www.bits-pilani.ac.in/DuplicateDegree,Airtel,1450.4,N
,https://www.bits-pilani.ac.in/Dubai/login,Airtel,1616,N
,https://www.bits-pilani.ac.in/Pilani/login,Airtel,1854.6,N
,https://www.bits-pilani.ac.in/Goa/login,Airtel,1315.6,N
,https://www.bits-pilani.ac.in/Hyderabad/login,Airtel,2913.6,N
,javascript:void(0);,Airtel,0,N
,javascript:void(0);,Airtel,0,N
,https://www.bits-pilani.ac.in/uploads/Faculty-Recruitment/FAD-Prospective-Faculty-10-12-2019.pdf,Airtel,160.2,N
,https://www.bitsadmission.com/bitsat/2021/BITSAT-2021Brochure.pdf,Airtel,134.8,N
,https://www.bits-pilani.ac.in/Uploads/BITSUserITPolicy.pdf,Airtel,168.8,N
,javascript:void(0);,Airtel,0,N
,javascript:void(0);,Airtel,0,N
,https://www.bits-pilani.ac.in/Pilani/officesAndAdministration,Airtel,1957.4,N
,https://www.bits-pilani.ac.in/Dubai/officesAndAdministration,Airtel,1790.8,N
,https://www.bits-pilani.ac.in/Goa/officesAndAdministration,Airtel,1386,N
,https://www.bits-pilani.ac.in/Hyderabad/officesAndAdministration,Airtel,1353.4,N
,mailto:webmaster@pilani.bits-pilani.ac.in,Airtel,1331,N
,http://www.fractalink.com/,Airtel,13701.8,N
,,,,
https://www.isro.gov.in/,http://india.gov.in/,Airtel,798.4,N
,https://www.isro.gov.in/#block-md-megamenu-1,Airtel,959.6,N
,https://www.isro.gov.in/#,Airtel,284.6,N
,https://www.isro.gov.in/#,Airtel,291.2,N
,https://www.isro.gov.in/#,Airtel,318.6,N
,http://www.facebook.com/isro,Airtel,4264.2,N
,http://www.twitter.com/isro,Airtel,845.6,N
,https://india.gov.in/,Airtel,780.4,N
,https://www.isro.gov.in/,Airtel,543.8,N
,https://www.isro.gov.in/,Airtel,358.6,N
,https://www.isro.gov.in/,Airtel,296.4,N
,https://www.isro.gov.in/update/20-feb-2020/public-notice,Airtel,492.6,N
,https://www.isro.gov.in/career?field_isro_centre_value=icrb,Airtel,332.8,N
,https://www.isro.gov.in/update/15-jan-2021/announcement-of-opportunity-space-theme-based-merchandize,Airtel,568,N
,https://www.isro.gov.in/career?field_isro_centre_value=dos,Airtel,302.8,N
,https://www.isro.gov.in/,Airtel,503,N
,https://www.isro.gov.in/hi,Airtel,8942.6,N
,https://www.isro.gov.in/missions-0,Airtel,385.4,N
,https://www.isro.gov.in/spacecraft,Airtel,1191.8,N
,https://www.isro.gov.in/launchers,Airtel,445.8,N
,https://www.isro.gov.in/applications,Airtel,287.2,N
,https://www.isro.gov.in/media,Airtel,2703.4,N
,https://www.isro.gov.in/about-isro,Airtel,284.8,N
,https://www.isro.gov.in/request-transponder-capacity,Airtel,254.8,N
,https://www.isro.gov.in/chandrayaan2-home-0,Airtel,922.8,N
,https://www.isro.gov.in/launcher/pslv-c51-amazonia-1,Airtel,1176.8,N
,https://www.isro.gov.in/launcher/pslv-c50-cms-01,Airtel,328.2,N
,https://www.isro.gov.in/launcher/pslv-c49-eos-01,Airtel,853.8,N
,https://www.isro.gov.in/commemoration-of-150th-birth-anniversary-of-mahatma-gandhiji,Airtel,632.2,N
,https://www.isro.gov.in/Spacecraft/gsat-30,Airtel,454,N
,https://www.isro.gov.in/launcher/pslv-c48-risat-2br1,Airtel,969,N
,https://www.isro.gov.in/pslv-c51-amazonia-1/pslv-c51-amazonia-1-lift-and-board-camera-view,Airtel,870.4,N
,https://www.isro.gov.in/pslv-c51-amazonia-1/pslv-c51-amazonia-1-lift-and-board-camera-view,Airtel,554.2,N
,https://www.isro.gov.in/skill-development-programme,Airtel,351.4,N
,https://www.isro.gov.in/skill-development-programme,Airtel,226.6,N
,https://www.isro.gov.in/capacity-building,Airtel,274,N
,https://www.isro.gov.in/capacity-building,Airtel,233.4,N
,https://www.isro.gov.in/pslv-c25-mars-orbiter-mission/phobos-imaged-mom-1st-july,Airtel,417.4,N
,https://www.isro.gov.in/pslv-c25-mars-orbiter-mission/phobos-imaged-mom-1st-july,Airtel,333,N
,https://www.isro.gov.in/irnss-programme,Airtel,307.2,N
,https://www.isro.gov.in/irnss-programme,Airtel,217,N
,https://www.isro.gov.in/applications,Airtel,253.4,N
,https://www.isro.gov.in/applications,Airtel,227.2,N
,https://mosdac.gov.in/gallery/index.html?=&prod=3DIMG_%2A_L1C_ASIA_MER_BIMG.jpg,Airtel,831,N
,https://mosdac.gov.in/gallery/index.html?&prod=3DIMG_*_L1C_ASIA_MER_BIMG.jpg,Airtel,238,N
,https://www.isro.gov.in/astrosat-0,Airtel,1090.6,N
,https://www.isro.gov.in/astrosat-0,Airtel,278.6,N
,https://www.isro.gov.in/disaster-management-support/monsoon-floods-india-%E2%80%93-satellite-data-impact-assessment,Airtel,580.8,N
,https://www.isro.gov.in/disaster-management-support/monsoon-floods-india-%E2%80%93-satellite-data-impact-assessment,Airtel,206.2,N
,https://www.isro.gov.in/blast-past-%E2%80%94-observations-led-prl-scientist-enables-breakthrough-centuries-old-effort-to-unravel,Airtel,580,N
,https://www.isro.gov.in/blast-past-%E2%80%94-observations-led-prl-scientist-enables-breakthrough-centuries-old-effort-to-unravel,Airtel,322.2,N
,https://www.isro.gov.in/about-isro/isros-timeline-1960s-to-today,Airtel,0,Y
,https://www.isro.gov.in/about-isro/isros-timeline-1960s-to-today,Airtel,9643.4,N
,https://www.isro.gov.in/about-isro/isros-timeline-1960s-to-today,Airtel,711.2,N
,https://www.isro.gov.in/media,Airtel,1672.8,N
,https://www.isro.gov.in/media,Airtel,1427.4,N
,https://www.isro.gov.in/update/31-mar-2021/workshop-scientific-writing,Airtel,545,N
,https://www.isro.gov.in/update/22-mar-2021/isro-makes-breakthrough-demonstration-of-free-space-quantum-key-distribution-qkd,Airtel,494.6,N
,https://www.isro.gov.in/update/18-mar-2021/dr-k-sivan-chairman-isro-secretary-dos-inaugurates-3-space-technology-incubation,Airtel,953.4,N
,https://www.isro.gov.in/update/17-mar-2021/dr-k-sivan-chairman-isro-secretary-dos-had-meeting-with-hrh-prince-sultan-bin,Airtel,737.4,N
,https://www.isro.gov.in/update/11-mar-2021/dr-k-sivan-chairman-isro-secretary-dos-had-meeting-with-president-of-japan,Airtel,579.4,N
,https://www.isro.gov.in/press-release,Airtel,1221.2,N
,https://www.isro.gov.in/updates-archivals,Airtel,539.4,N
,https://www.isro.gov.in/tenders,Airtel,1017.2,N
,https://eprocure.isro.gov.in/,Airtel,1530.4,N
,https://eproc.isro.gov.in/,Airtel,4242.4,N
,https://www.isro.gov.in/right-to-information,Airtel,2040.2,N
,https://www.isro.gov.in/node/1253,Airtel,643,N
,https://www.isro.gov.in/publications-0,Airtel,993.8,N
,https://www.isro.gov.in/careers-new,Airtel,332.8,N
,https://www.isro.gov.in/sites/default/files/anual_report_2020-2021_english.pdf,Airtel,310.4,N
,https://www.isro.gov.in/sites/default/files/anual_report_2020-2021_hindi.pdf,Airtel,267.8,N
,https://www.isro.gov.in/monthly-summary-of-department-of-space,Airtel,1200,N
,https://www.isro.gov.in/sites/default/files/bilingual_100_sentences.pdf,Airtel,152,N
,https://www.isro.gov.in/node/617,Airtel,408.2,N
,https://www.isro.gov.in/node/619,Airtel,380.2,N
,https://www.isro.gov.in/indias-space-policy-0,Airtel,969,N
,https://www.isro.gov.in/about-isro/autonomous-bodies,Airtel,401.2,N
,https://www.isro.gov.in/related-links,Airtel,353,N
,https://www.isro.gov.in/hyperlinking-policy,Airtel,337.6,N
,https://sa-plan.isro.gov.in/,Airtel,574,N
,https://www.cssteap.org/,Airtel,4301.6,N
,https://www.isro.gov.in/indigenisation-of-space-materials-ism-data-sheet,Airtel,1601,N
,http://www.nvsp.in/,Airtel,2075.8,N
,http://www.pib.gov.in/,Airtel,1526.2,N
,https://services.india.gov.in/,Airtel,4399.6,N
,http://cpao.nic.in/Pensioner/ppo_status.php,Airtel,1026.4,N
,https://indiacode.nic.in/,Airtel,1736.8,N
,https://india.gov.in/,Airtel,1275.4,N
,http://www.facebook.com/isro,Airtel,9270.2,N
,http://www.twitter.com/isro,Airtel,1462.8,N
,https://www.isro.gov.in/sitemap,Airtel,3345.8,N
,https://www.isro.gov.in/about-isro/isros-timeline-1960s-to-today,Airtel,870.4,N
,https://www.isro.gov.in/node/290,Airtel,1023.8,N
,https://www.isro.gov.in/node/146,Airtel,686.6,N
,https://www.isro.gov.in/careers-new,Airtel,695,N
,https://www.isro.gov.in/feed-back,Airtel,420.8,N
,https://www.isro.gov.in/contact-us-1,Airtel,2684.6,N
,https://www.isro.gov.in/help,Airtel,1032.2,N
,https://www.isro.gov.in/update/20-feb-2020/public-notice,Airtel,1924,N
,https://www.isro.gov.in/node/148,Airtel,747.8,N
,https://www.isro.gov.in/privacy-policy,Airtel,1764.6,N
,https://www.isro.gov.in/sites/default/files/cqw_isrowebsite_www_isro_gov_in.pdf,Airtel,244.4,N
,,,,
https://medium.com/,https://medium.com/,Airtel,6705,N
,https://medium.com/about?autoplay=1,Airtel,1870,N
,https://medium.com/membership,Airtel,879,N
,https://about.medium.com/creators/,Airtel,1857.4,N
,https://medium.com/m/signin?operation=login&redirect=https%3A%2F%2Fmedium.com%2F&source=--------------------------lo_home_nav-----------,Airtel,1211.2,N
,https://medium.com/m/signin?operation=register&redirect=https%3A%2F%2Fmedium.com%2F&source=--------------------------lo_home_nav-----------,Airtel,1034.8,N
,https://medium.com/about?autoplay=1,Airtel,1073.6,N
,https://medium.com/about?autoplay=1,Airtel,1317.6,N
,https://medium.com/wagovernor?source=home---------0---------------------b7d1dfa4_9f71_4d79_92be_b7edc8126c93-------7,Airtel,3670.8,N
,https://medium.com/@WAStateGov?source=home---------0---------------------b7d1dfa4_9f71_4d79_92be_b7edc8126c93-------7,Airtel,4981,N
,https://medium.com/wagovernor?source=home---------0---------------------b7d1dfa4_9f71_4d79_92be_b7edc8126c93-------7,Airtel,2088.2,N
,https://medium.com/wagovernor/inslee-announces-three-counties-to-rollback-to-phase-2-19d2bde8b8ad?source=home---------0---------------------b7d1dfa4_9f71_4d79_92be_b7edc8126c93-------7,Airtel,3743,N
,https://medium.com/yardcouch-com?source=home---------1---------------------b7d1dfa4_9f71_4d79_92be_b7edc8126c93-------7,Airtel,3371,N
,https://mccallisaiah.medium.com/?source=home---------1---------------------b7d1dfa4_9f71_4d79_92be_b7edc8126c93-------7,Airtel,4832.6,N
,https://medium.com/yardcouch-com?source=home---------1---------------------b7d1dfa4_9f71_4d79_92be_b7edc8126c93-------7,Airtel,2476.2,N
,https://medium.com/yardcouch-com/the-55-million-mistake-that-vitalik-buterin-made-with-ethereum-60ba6827aa0a?source=home---------1---------------------b7d1dfa4_9f71_4d79_92be_b7edc8126c93-------7,Airtel,4570.8,N
,https://towardsdatascience.com/?source=home---------2---------------------b7d1dfa4_9f71_4d79_92be_b7edc8126c93-------7,Airtel,4718.4,N
,https://medium.com/@federicomannucci_31459?source=home---------2---------------------b7d1dfa4_9f71_4d79_92be_b7edc8126c93-------7,Airtel,3745,N
,https://towardsdatascience.com/?source=home---------2---------------------b7d1dfa4_9f71_4d79_92be_b7edc8126c93-------7,Airtel,4147.8,N
,https://towardsdatascience.com/five-things-i-have-learned-after-solving-500-leetcode-questions-b794c152f7a1?source=home---------2---------------------b7d1dfa4_9f71_4d79_92be_b7edc8126c93-------7,Airtel,4438.4,N
,https://medium.com/swlh?source=home---------3---------------------b7d1dfa4_9f71_4d79_92be_b7edc8126c93-------7,Airtel,2390.8,N
,https://zulie.medium.com/?source=home---------3---------------------b7d1dfa4_9f71_4d79_92be_b7edc8126c93-------7,Airtel,4368.8,N
,https://medium.com/swlh?source=home---------3---------------------b7d1dfa4_9f71_4d79_92be_b7edc8126c93-------7,Airtel,1991.6,N
,https://medium.com/swlh/how-i-earn-8k-per-month-while-only-working-15-hours-per-week-731d14e8b3ca?source=home---------3---------------------b7d1dfa4_9f71_4d79_92be_b7edc8126c93-------7,Airtel,4630.8,N
,https://zora.medium.com/?source=home---------4---------------------b7d1dfa4_9f71_4d79_92be_b7edc8126c93-------7,Airtel,4441.2,N
,https://medium.com/@daniellemoodiemills?source=home---------4---------------------b7d1dfa4_9f71_4d79_92be_b7edc8126c93-------7,Airtel,4333.2,N
,https://zora.medium.com/?source=home---------4---------------------b7d1dfa4_9f71_4d79_92be_b7edc8126c93-------7,Airtel,4192.4,N
,https://zora.medium.com/republican-hypocrisy-campaign-funds-and-the-downfall-of-american-democracy-ee66bc07e8bf?source=home---------4---------------------b7d1dfa4_9f71_4d79_92be_b7edc8126c93-------7,Airtel,3516,N
,https://blog.graphql.guide/?source=home---------5---------------------b7d1dfa4_9f71_4d79_92be_b7edc8126c93-------7,Airtel,2397,N
,https://blog.lorensr.me/?source=home---------5---------------------b7d1dfa4_9f71_4d79_92be_b7edc8126c93-------7,Airtel,4035.6,N
,https://blog.graphql.guide/?source=home---------5---------------------b7d1dfa4_9f71_4d79_92be_b7edc8126c93-------7,Airtel,1320.6,N
,https://blog.graphql.guide/releasing-the-graphql-guide-d9be04747148?source=home---------5---------------------b7d1dfa4_9f71_4d79_92be_b7edc8126c93-------7,Airtel,3261.8,N
,https://medium.com/topic/self?source=home-------------------------------------,Airtel,3047.2,N
,https://medium.com/topic/relationships?source=home-------------------------------------,Airtel,3471.4,N
,https://medium.com/topic/data-science?source=home-------------------------------------,Airtel,2782.6,N
,https://medium.com/topic/programming?source=home-------------------------------------,Airtel,2746.6,N
,https://medium.com/topic/productivity?source=home-------------------------------------,Airtel,2997.8,N
,https://medium.com/topic/javascript?source=home-------------------------------------,Airtel,3033.6,N
,https://medium.com/topic/machine-learning?source=home-------------------------------------,Airtel,3149,N
,https://medium.com/topic/politics?source=home-------------------------------------,Airtel,2805.2,N
,https://medium.com/topic/health?source=home-------------------------------------,Airtel,2857.2,N
,https://medium.com/topics?source=home-------------------------------------,Airtel,2536.6,N
,https://medium.com/mind-cafe?source=home---------0-73--------------------b7d1dfa4_9f71_4d79_92be_b7edc8126c93-------,Airtel,2718,N
,https://vincentcarlosblog.medium.com/?source=home---------0-73--------------------b7d1dfa4_9f71_4d79_92be_b7edc8126c93-------,Airtel,4770.6,N
,https://medium.com/mind-cafe?source=home---------0-73--------------------b7d1dfa4_9f71_4d79_92be_b7edc8126c93-------,Airtel,2688.8,N
,https://medium.com/mind-cafe/12-things-i-stole-from-people-more-successful-than-me-d0ef5ef6cd84?source=home---------0-73--------------------b7d1dfa4_9f71_4d79_92be_b7edc8126c93-------,Airtel,3336,N
,https://medium.com/m/signin?actionUrl=https%3A%2F%2Fmedium.com%2F_%2Fbookmark%2Fp%2Fd0ef5ef6cd84&operation=register&redirect=https%3A%2F%2Fmedium.com%2F&source=home---------0-73----------------bookmark_preview----b7d1dfa4_9f71_4d79_92be_b7edc8126c93-------,Airtel,1164.8,N
,https://medium.com/mind-cafe/12-things-i-stole-from-people-more-successful-than-me-d0ef5ef6cd84?source=home---------0-73--------------------b7d1dfa4_9f71_4d79_92be_b7edc8126c93-------,Airtel,3387.8,N
,https://medium.com/mind-cafe?source=home---------1-73--------------------b7d1dfa4_9f71_4d79_92be_b7edc8126c93-------,Airtel,2593,N
,https://seanjkernan.medium.com/?source=home---------1-73--------------------b7d1dfa4_9f71_4d79_92be_b7edc8126c93-------,Airtel,4432.6,N
,https://medium.com/mind-cafe?source=home---------1-73--------------------b7d1dfa4_9f71_4d79_92be_b7edc8126c93-------,Airtel,2818.2,N
,https://medium.com/mind-cafe/five-signs-of-a-highly-intelligent-person-915cfe16bd1a?source=home---------1-73--------------------b7d1dfa4_9f71_4d79_92be_b7edc8126c93-------,Airtel,3476,N
,https://medium.com/m/signin?actionUrl=https%3A%2F%2Fmedium.com%2F_%2Fbookmark%2Fp%2F915cfe16bd1a&operation=register&redirect=https%3A%2F%2Fmedium.com%2F&source=home---------1-73----------------bookmark_preview----b7d1dfa4_9f71_4d79_92be_b7edc8126c93-------,Airtel,1362,N
,https://medium.com/mind-cafe/five-signs-of-a-highly-intelligent-person-915cfe16bd1a?source=home---------1-73--------------------b7d1dfa4_9f71_4d79_92be_b7edc8126c93-------,Airtel,3283.8,N
,https://forge.medium.com/?source=home---------2-73--------------------b7d1dfa4_9f71_4d79_92be_b7edc8126c93-------,Airtel,4483.8,N
,https://michael-thompson.medium.com/?source=home---------2-73--------------------b7d1dfa4_9f71_4d79_92be_b7edc8126c93-------,Airtel,4385,N
,https://forge.medium.com/?source=home---------2-73--------------------b7d1dfa4_9f71_4d79_92be_b7edc8126c93-------,Airtel,4306,N
,https://forge.medium.com/the-7-emails-you-should-send-every-week-to-get-ahead-in-your-career-2358f8451ef9?source=home---------2-73--------------------b7d1dfa4_9f71_4d79_92be_b7edc8126c93-------,Airtel,3611.2,N
,https://medium.com/m/signin?actionUrl=https%3A%2F%2Fmedium.com%2F_%2Fbookmark%2Fp%2F2358f8451ef9&operation=register&redirect=https%3A%2F%2Fmedium.com%2F&source=home---------2-73----------------bookmark_preview----b7d1dfa4_9f71_4d79_92be_b7edc8126c93-------,Airtel,1288.4,N
,https://forge.medium.com/the-7-emails-you-should-send-every-week-to-get-ahead-in-your-career-2358f8451ef9?source=home---------2-73--------------------b7d1dfa4_9f71_4d79_92be_b7edc8126c93-------,Airtel,3141.8,N
,https://medium.com/mind-cafe?source=home---------3-73--------------------b7d1dfa4_9f71_4d79_92be_b7edc8126c93-------,Airtel,2634.8,N
,https://seanjkernan.medium.com/?source=home---------3-73--------------------b7d1dfa4_9f71_4d79_92be_b7edc8126c93-------,Airtel,4374.4,N
,https://medium.com/mind-cafe?source=home---------3-73--------------------b7d1dfa4_9f71_4d79_92be_b7edc8126c93-------,Airtel,2659,N
,https://medium.com/mind-cafe/four-signs-a-person-is-secretly-unhappy-with-their-life-9d60d4147083?source=home---------3-73--------------------b7d1dfa4_9f71_4d79_92be_b7edc8126c93-------,Airtel,3069.6,N
,https://medium.com/m/signin?actionUrl=https%3A%2F%2Fmedium.com%2F_%2Fbookmark%2Fp%2F9d60d4147083&operation=register&redirect=https%3A%2F%2Fmedium.com%2F&source=home---------3-73----------------bookmark_preview----b7d1dfa4_9f71_4d79_92be_b7edc8126c93-------,Airtel,1226.4,N
,https://medium.com/mind-cafe/four-signs-a-person-is-secretly-unhappy-with-their-life-9d60d4147083?source=home---------3-73--------------------b7d1dfa4_9f71_4d79_92be_b7edc8126c93-------,Airtel,3100.4,N
,https://medium.com/business-insider?source=home---------4-73--------------------b7d1dfa4_9f71_4d79_92be_b7edc8126c93-------,Airtel,2507.8,N
,https://medium.com/@businessinsider?source=home---------4-73--------------------b7d1dfa4_9f71_4d79_92be_b7edc8126c93-------,Airtel,4305.4,N
,https://medium.com/business-insider/7-things-people-who-are-good-with-money-never-buy-70cfff912729?source=home---------4-73--------------------b7d1dfa4_9f71_4d79_92be_b7edc8126c93-------,Airtel,3244,N
,https://medium.com/m/signin?actionUrl=https%3A%2F%2Fmedium.com%2F_%2Fbookmark%2Fp%2F70cfff912729&operation=register&redirect=https%3A%2F%2Fmedium.com%2F&source=home---------4-73----------------bookmark_preview----b7d1dfa4_9f71_4d79_92be_b7edc8126c93-------,Airtel,1363,N
,https://medium.com/business-insider/7-things-people-who-are-good-with-money-never-buy-70cfff912729?source=home---------4-73--------------------b7d1dfa4_9f71_4d79_92be_b7edc8126c93-------,Airtel,3090.4,N
,https://medium.com/topic/self?source=home-------------------------------------,Airtel,3125.8,N
,https://medium.com/topic/relationships?source=home-------------------------------------,Airtel,2924.8,N
,https://medium.com/topic/data-science?source=home-------------------------------------,Airtel,2671.6,N
,https://medium.com/topic/programming?source=home-------------------------------------,Airtel,3036.4,N
,https://medium.com/topic/productivity?source=home-------------------------------------,Airtel,2966.8,N
,https://medium.com/topic/javascript?source=home-------------------------------------,Airtel,3008.2,N
,https://medium.com/topic/machine-learning?source=home-------------------------------------,Airtel,3101.8,N
,https://medium.com/topic/politics?source=home-------------------------------------,Airtel,2956.8,N
,https://medium.com/topic/health?source=home-------------------------------------,Airtel,2874.2,N
,https://medium.com/topics?source=home-------------------------------------,Airtel,2201.6,N
